No promotion please  11 RTO inspectors tell chief,Times of India,23 May 2013,http://timesofindia.indiatimes.com/city/mumbai/No-promotion-please-11-RTO-inspectors-tell-chief/articleshow/20236563.cms,"Citizens are aware that there is largescale corruption in the RTOs. The government should crack a whip on the corrupt elements and not allow them to thrive in ...
Of politicians and some verdicts,The Hindu,23 Jul 2013,http://www.thehindu.com/opinion/lead/of-politicians-and-some-verdicts/article4945970.ece,The slew of judgments from the higher judiciary in the period of just about a month or so has been like manna from heaven on the parched earth of electoral ...
Govt should take over FPS to check PDS corruption: SC panel,Economic Times,10 Jan 2013,http://articles.economictimes.indiatimes.com/2013-01-10/news/36258414_1_fps-food-grain-corrupt-officials,"It is a known fact that FPS is epicentre of corruption where FPS owner  transporter  corrupt officials and the politicians are hand in gloves to cheat the public " the ...
Goa's amended Lokayukta law stupid  says Arvind Kejriwal,Daily News & Analysis,8 Feb 2013,http://www.dnaindia.com/india/report-goa-s-amended-lokayukta-law-stupid-says-arvind-kejriwal-1797780,He also said that post-amendments  the public ombudsman would serve as a "puppet" of the incumbent government and not punish  but protect the corrupt.
CBI's law officer sentenced to 3 yrs jail in corruption case,Daily News & Analysis,12 Nov 2013,http://www.dnaindia.com/india/report-cbi-s-law-officer-sentenced-to-3-yrs-jail-in-corruption-case-1918075,The court said "there cannot be any doubt that CBI is burdened with herculean task of apprehending the corrupt officials and to bring them to the books and it ...
All you need to know about Bharat Ratna awardee CNR Rao,Firstpost,16 Nov 2013,http://www.firstpost.com/india/all-you-need-to-know-about-bharat-ratna-awardee-cnr-rao-1233625.html,The government has decided to confer the country's highest civilian honour to Indian chemist CNR Rao along with cricketer Sachin Tendulkar. While there is ...
Aussie media calls N Srinivasan cricket's most dangerous man,Daily News & Analysis,7 May 2013,http://www.dnaindia.com/sport/report-aussie-media-calls-n-srinivasan-cricket-s-most-dangerous-man-1831801,... Srinivasan as managing director of India Cements  which is alleged to have rorted scarce water resources with corrupt state officials to double production and ...
I Am Hurting Too,CounterCurrents.org,11 Feb 2013,http://www.countercurrents.org/hakim110213.htm,But Singapore is also responsible because it is one of the fifty U.S. /NATO ( the North Atlantic Treaty Organization ) coalition countries working with the corrupt ...
Sheila Dikshit's trump card: The voting power of unauthorised colonies,Firstpost,30 Jun 2013,http://www.firstpost.com/politics/sheila-dikshits-trump-card-the-voting-power-of-unauthorised-colonies-917777.html,Congress MLA Mukesh Sharma has an enviable record as a politician. At his office in Uttam Nagar  a constituency in West Delhi he has represented since 1993 ...
The NDTV Dialogues: The idea of justice - full transcript,NDTV,20 Oct 2013,http://www.ndtv.com/india-news/the-ndtv-dialogues-the-idea-of-justice-full-transcript-538361,Now obviously this has lead to great disquiet in a corrupt executive. Unfortunately in this country executives have successfully  over a period of years  become ...
Lokayukta Prakash Prabhakar Naolekar goes after govt officials in ...,India Today,8 Mar 2013,http://indiatoday.intoday.in/story/mp-lokayukta-after-lives-of-government-workers-earning-their-wealth-by-unjust-means-india-today/1/257118.html,"I have been asking for more teeth to the institution to bring the corrupt to justice. The institution should be given more powers to handle cases involving MLAs ...
Police find it hard to trace caller of Sadanand More,Daily News & Analysis,14 Nov 2013,http://www.dnaindia.com/pune/report-police-find-it-hard-to-trace-caller-of-sadanand-more-1919311,“I said that I would choose the corrupt one because if the corrupt one comes to power  we have a chance to protest against them  but if a fascist gets power  then ...
IPL will always be a perfect staging ground for corruption,Economic Times,20 May 2013,http://articles.economictimes.indiatimes.com/2013-05-19/news/39369974_1_indian-premier-league-the-ipl-corruption,... television audiences or  of course  matches which so consistently swing thrillingly in favour from one team to the other. It is also probably the most corrupt.
Corruption Barometer,Frontline,24 Jul 2013,http://www.frontline.in/other/data-card/corruption-barometer/article4948489.ece,Governments are not thought to be doing enough to hold the corrupt to account: The majority of people around the world believe that their government is ...
Don't understand why players indulge in corruption: Shahid Afridi,Indian Express,31 May 2013,http://archive.indianexpress.com/news/dont-understand-why-players-indulge-in-corruption-shahid-afridi/1123239/,The IPL spot-fixing scandal has left Pakistan all-rounder Shahid Afridi "sad" and he cannot understand why some players are lured into corrupt practices despite ...
Corruption Rises Further in India  Political Parties & Police Reign ...,India Business Blog (blog),12 Jul 2013,http://trak.in/corruption/2013-corruption-growth-india-politics-police-top/,86 percent of respondents thought that all political parties in India were corrupt  while 76 percent thought that Police department was corrupt. Corruption in India.
Shaken  how stirred?,Chandigarh Tribune,29 Dec 2013,http://www.tribuneindia.com/2013/20131230/edit.htm,THE rise of the Aam Aadmi Party (AAP) and its assumption of office in Delhi marks an epoch-making event in the political life of India. It is not coincidental that it ...
Hazare embarks on 'second freedom struggle',Livemint,31 Mar 2013,http://www.livemint.com/Politics/pB7SX5i3NfaoaV2cIMvjVL/Hazare-embarks-on-second-freedom-struggle.html,“Now for me 'Janatantra Yatra' is the second freedom struggle to free the nation from corruption and corrupt politicians ” he said  and lashed out at politicians ...
Motor vehicle inspector's wealth staggers anti-corruption bureau,Times of India,6 Jul 2013,http://timesofindia.indiatimes.com/city/hyderabad/Motor-vehicle-inspectors-wealth-staggers-anti-corruption-bureau/articleshow/20948995.cms,He said the case was only in the initial stage and they might require some more time to dig deep into the corrupt activities of the MVI. In addition to being booked ...
Time to look at the bribe-givers,Hindu Business Line,9 Oct 2013,http://www.thehindubusinessline.com/opinion/columns/r-srinivasan/time-to-look-at-the-bribegivers/article5218062.ece,At the wholesale level  of course  electorates have behaved differently in the past  punishing governments which were perceived as extremely corrupt. In fact  the ...
Amid Probe  Chinese Moguls Vanish,Wall Street Journal (India),25 Sep 2013,http://www.wsj.com/articles/SB10001424052702303983904579092990279667928,As Xinhua news agency put it when tycoons were toppled in a probe of senior officials six years ago in Shanghai: "Behind each corrupt official lurks a business ...
India facing biggest crisis since independence,Economic Times,19 Aug 2013,http://articles.economictimes.indiatimes.com/2013-08-19/news/41425551_1_murli-manohar-joshi-upa-govt-crisis,"This is an illegal government which has been born out of corruption  made for corrupt people  and nourishing corrupt people in all kinds of scams like oil  rail  ...
Rs.25 lakh  property documents seized from CBI inspector's house,The Hindu,19 May 2013,http://www.thehindu.com/news/cities/Delhi/rs25-lakh-property-documents-seized-from-cbi-inspectors-house/article4729811.ece,Searches at the residence of the Central Bureau of Investigation inspector  who was arrested along with a Superintendent of Police by an internal vigilance team ...
Political Reading of "Well Done Abba" a Tale of Our Times,Mainstream,28 Apr 2013,http://www.mainstreamweekly.net/article4144.html,The image of Gandhi is invoked when Armaan Ali lodges a moral as well as political battle against the corrupt bureaucratic structure; the struggle is hegemonic ...
Corruption scares away foreign investors,Hindu Business Line,18 Sep 2013,http://www.thehindubusinessline.com/opinion/corruption-scares-away-foreign-investors/article5142291.ece,India earned a very low score of 36 on a scale from 0 (most corrupt) to 100 (least corrupt) with the cause of corruption principally attributed to the amount of bribe ...
Nepotism: Is It a Crime?,Wall Street Journal (India),20 Aug 2013,http://www.wsj.com/articles/SB10001424127887323423804579023273864417160,"Even if the hiring may be motivated by a desire to curry favor with the foreign official  that doesn't mean the hiring is corrupt if everything else about the hiring is ...
The illusory 'pro Dalit' stance of Ashis Nandy,The Hindu,6 Feb 2013,http://www.thehindu.com/opinion/op-ed/the-illusory-pro-dalit-stance-of-ashis-nandy/article4385620.ece,The remarks by sociologist and academician Ashis Nandy at the Jaipur Literary Festival recently that most of the corrupt are from the Scheduled Castes  ...
Global award winning Punjab police officer arrested in corruption ...,Times of India,12 Nov 2013,http://timesofindia.indiatimes.com/city/chandigarh/Global-award-winning-Punjab-police-officer-arrested-in-corruption-charges/articleshow/25659012.cms,Punjab director general of [police Sumedh Singh Saini had taken serious view of the award winning SHO indulging in corrupt practices and the action has been ...
Sherlyn Chopra tweets more semi-nude photos  Poonam says she ...,India Today,3 Oct 2013,http://indiatoday.intoday.in/story/sherlyn-tweets-some-more-photos-poonam-says-she-has-a-talent-to-corrupt/1/312911.html,Sherlyn Chopra tweets more semi-nude photos  Poonam says she has a talent to corrupt. Hot babes Poonam Pandey and Sherlyn Chopra are fighting a tough ...
Zee News Special: Donation in engg college admissions order of ...,Daily News & Analysis,22 Sep 2013,http://www.dnaindia.com/india/report-zee-news-special-donation-in-engg-college-admissions-order-of-the-day-shows-zee-news-sting-operation-1892738,The Zee News sting operation was conducted after the investigation team received complaints of corrupt practices at GL Bajaj College in UP. When approached ...
How Akhilesh used communal card to suspend IAS officer Durga,Firstpost,31 Jul 2013,http://www.firstpost.com/politics/how-akhilesh-used-communal-card-to-suspend-ias-officer-durga-nagpal-993921.html,Lucknow: Durga Shakti Nagpal  the feisty  young officer  was used to veiled threats from the quarrying mafia in western Uttar Pradesh  but what she had not ...
RSS asks people to oust 'corrupt' UPA govt. in the polls,The Hindu,27 Oct 2013,http://www.thehindu.com/news/national/kerala/rss-asks-people-to-oust-corrupt-upa-govt-in-the-polls/article5278252.ece,The Rashtriya Swayamsevak Sangh (RSS) on Sunday lashed out at the Congress-led UPA government  holding it responsible for scams and corruption  rising ...
Cup of woe is full for pub owners,The Hindu,14 Jan 2013,http://www.thehindu.com/news/cities/bangalore/cup-of-woe-is-full-for-pub-owners/article4307770.ece,The revelations made by two pub owners  who run their establishments in Koramangala and Indiranagar  is a story that casts a harsh light on the nuts and bolts ...
Delhi polls 2013: From murder to kidnapping  know your MLA's crimes,Firstpost,11 Oct 2013,http://www.firstpost.com/politics/delhi-elections-2013-know-your-mlas-crimes-1166653.html,Top on the list of MLAs in the Delhi Assembly who are facing serious criminal charges is Asif Mohammad Khan of the Rashtriya Janata Dal. His party recently ...
AAP's Arvind Kejriwal likely to partner Congress to form Delhi ...,Livemint,22 Dec 2013,http://www.livemint.com/Politics/zmfEps7ZIAYKXuhOc1UwPI/Aam-Aadmi-Partys-Arvind-Kejriwal-hints-at-forming-Delhi-gov.html,New Delhi: Aam Aadmi Party (AAP) leader Arvind Kejriwal vowed on Sunday to punish corrupt politicians and clean up “dirty politics” in a fiery speech that ...
CM Kejriwal gets down to work,The Hindu,27 Dec 2013,http://www.thehindu.com/news/cities/Delhi/cm-kejriwal-gets-down-to-work/article5511463.ece,Mr. Kejriwal sternly warned officials against demanding bribes and called upon the people to help the government in trapping corrupt officials. He announced ...
Jalayagnam scam: Who gained from YSR's largesse,Firstpost,10 Sep 2013,http://www.firstpost.com/india/jalayagnam-scam-who-gained-from-ysrs-largesse-1097447.html,Like many other states  Andhra Pradesh has always had its fair share of scams. But under the late YS Rajasekhara Reddy  the state embarked on one of the ...
Madhya Pradesh IAS officer jailed for 5 years,Times of India,27 Sep 2013,http://timesofindia.indiatimes.com/india/Madhya-Pradesh-IAS-officer-jailed-for-5-years-fined-Rs-50-lakh/articleshow/23171095.cms,... she had threatened to approach anti-corruption crusader Anna Hazare against chief minister Shivraj Singh Chouhan  accusing him of protecting the corrupt.
How about some outrage over Devyani and the Adarsh scam?,Firstpost,19 Dec 2013,http://www.firstpost.com/india/how-about-some-outrage-over-devyanis-larger-adarsh-controversy-1296429.html,Now that temperatures over the Devyani Khobragade arrest in the United States are cooling down  perhaps it's time to take a more measured look at the entire ...
United Congress to take on corrupt government in MP,Economic Times,7 Oct 2013,http://articles.economictimes.indiatimes.com/2013-10-08/news/42829523_1_jyotiraditya-scindia-shivraj-singh-chouhan-tag,Union Power Minister Jyotiraditya Scindia has been alternating between his ministerial responsibilities in Delhi and heading the campaign committee for the ...
Anganwadi workers seek salary hike,Deccan Herald,18 Jun 2013,http://m.deccanherald.com/content/339662/anganwadi-workers-seek-salary-hike.html,One worker retorted that if one such person took a bribe  it doesnt mean that all workers are corrupt. "Politicians and officers are much more corrupt  but their ...
Bangladesh: Anti-graft body's chief angered by new law,Firstpost,21 Nov 2013,http://www.firstpost.com/world/bangladesh-anti-graft-bodys-chief-angered-by-new-law-1242531.html,Rahman said he feared honest officers would lose a safeguard if they chose to defy motivated directives from "corrupt superiors". Earlier  they could protect ...
Is Harsh Vardhan BJP's 'Manmohan Singh in Delhi'  asks Kejriwal,indiatvnews.com,23 Oct 2013,http://www.indiatvnews.com/politics/national/is-harsh-vardhan-bjp-s-manmohan-singh-in-delhi-asks-kejriwal-13145.html,A corrupt Congress made Manmohan Singh its face at the centre. Manmohan failed to check corruption within congress and in his own government. A corrupt ...
Government's Lokpal Bill weak  will not prevent corruption  says ...,NDTV,15 Dec 2013,http://www.ndtv.com/india-news/governments-lokpal-bill-weak-will-not-prevent-corruption-says-aam-aadmi-party-544608,... weak and will not prevent corruption  but work instead to "protect the corrupt". ... not stop corruption at all " he said  adding it would only "protect the corrupt".
Doctors themselves are responsible for erosion of public faith ...,Daily News & Analysis,16 Dec 2013,http://www.dnaindia.com/health/interview-doctors-themselves-are-responsible-for-erosion-of-public-faith-sudarshan-ballal-of-manipal-hospitals-1936133,But I still believe that fair number of doctors don't indulge in any corrupt practices. With money being such a ruling factor in the modern day  corruption has also ...
Beltangady: Today's youngsters are non-corrupt and honest – SM ...,Daijiworld.com,22 Feb 2013,http://www.daijiworld.com/news/news_disp.asp?n_id=165082,Beltangady  Feb 23: “During our days the world was slow  technology was low and the job openings were minimum. But the contemporary scenario is different ...
Kejriwal slams Subramanian Swamy  calls him cunning,Firstpost,27 Nov 2013,http://www.firstpost.com/politics/kejriwal-slams-subramanian-swamy-calls-him-cunning-1253133.html,In the backdrop of Subramanian Swamy criticising the Aam Aadmi Party over its funds  party chief Arvind Kejriwal today called him a cunning person.
Jalayagnam: YSR's Rs 90000 crore let's-all-loot scam,Firstpost,9 Sep 2013,http://www.firstpost.com/india/jalayagnam-ysrs-rs-90000-crore-lets-all-loot-scam-1094625.html,There's nothing like a gigantic government project planned in the name of the poor or some other elevated public purpose to bring a multitude of scams.
Issues beyond campus figure in Delhi University elections,Daily News & Analysis,13 Aug 2013,http://www.dnaindia.com/india/report-issues-beyond-campus-figure-in-delhi-university-elections-1874258,“Our protest was against the corrupt politics of Congress. Our country is facing a massive corruption. No one is immune from it  even students are getting affected ...
Kangra shifts to direct bank transfer for LPG today,Chandigarh Tribune,31 Aug 2013,http://www.tribuneindia.com/2013/20130901/himachal.htm,Kangra district will shift to the Direct Benefit Transfer (DBT) Scheme for LPG cylinders from September 1  but many people are yet to receive their Aadhaar cards.
There's a Sachin Tendulkar waiting to blossom in every family,Firstpost,16 Nov 2013,http://www.firstpost.com/sports/theres-a-sachin-tendulkar-waiting-to-blossom-in-every-family-1233403.html,India has a strong family culture because an individual's life in India centres around the family. Depending on the values it cherishes  our families can be a boon ...
A kleptocracy called India! High profile resignations of ministers ...,India Today,18 May 2013,http://indiatoday.intoday.in/story/kleptocracy-corrupt-ministers-corruption-bribery-greed-rampant-in-india-politicians/1/271894.html,A kleptocracy called India! High profile resignations of ministers expose the underbelly of corrupt political class. Typically of a kleptocracy  cushions are quietly ...
How deep is the malaise in the Indian Railways?,Business Standard,21 May 2013,http://www.business-standard.com/article/opinion/how-deep-is-the-malaise-in-the-indian-railways-113052101129_1.html,Systems that allow the immoral nexus between the contractor/supplier and the corrupt officials will need to be nixed. Despite the bans in place  agents operate in ...
PM innocent  but Vajpayee caused Rs. 42080 crore loss: JPC report,The Hindu,19 Apr 2013,http://www.thehindu.com/news/national/pm-innocent-but-vajpayee-caused-rs-42080-crore-loss-jpc-report/article4634416.ece,The JPC investigating the Rs.1.76 lakh crore 2G scam has given a clean chit to Prime Minister Manmohan Singh  Finance Minister P. Chidambaram and ...
Manohar Joshi paying the price for his politics of greed in Shiv Sena,Firstpost,14 Oct 2013,http://www.firstpost.com/politics/manohar-joshi-paying-the-price-for-his-politics-of-greed-in-shiv-sena-1170941.html,At age 76  Shiv Sena's senior leader Manohar Joshi has enjoyed the fruits of Sena's power more than any other functionary in the party. As a trusted lieutenant of ...
In Mizoram  a Prism of hope against corruption,Daily News & Analysis,14 Aug 2013,http://www.dnaindia.com/india/report-in-mizoram-a-prism-of-hope-against-corruption-1874630,By using the Right to Information  Prism pinned down the corrupt  due to which 62 government employees lost their jobs  one was jailed and five placed under ...
Why startup CorruptTour should come to India,Firstpost,15 Apr 2013,http://www.firstpost.com/world/why-startup-corrupttour-should-come-to-india-699191.html,That name is not a pun while you might think so - it offers exactly what the name says  a tour of the most corrupt places in the city of Prague  the capital of Czech ...
Jyotiraditya Scindia attacks ruling BJP for corruption in Madhya ...,Daily News & Analysis,15 Nov 2013,http://www.dnaindia.com/india/report-jyotiraditya-scindia-attacks-ruling-bjp-for-corruption-in-madhya-pradesh-1919769,Scindia said that the time has come for people to end the BJP's corrupt rule in MP by voting it out of power. Scindia alleged that the BJP always lies to the people ...
Why a policeman doesn't file an FIR,Firstpost,23 Apr 2013,http://www.firstpost.com/india/why-a-policeman-doesnt-file-an-fir-722191.html,If training does little to change their attitudes  experiences in the job can often corrupt the best. The organisational culture within the police force favours the ...
Don't want to live in an India with Narendra Modi as PM: UR ...,Livemint,19 Sep 2013,http://www.livemint.com/Politics/JfaCHcNCb6rX4t9aswyGrM/Dont-want-to-live-in-an-India-with-Modi-as-PM-UR-Anantha.html,On UPA government  he said it is not anti-people but was corrupt and should be punished. “But the way out is not choosing a man like Modi ” he said. Comment ...
Poor intelligence  inept generals expose India's military mess,Firstpost,22 Oct 2013,http://www.firstpost.com/india/poor-intelligence-inept-generals-expose-indias-military-mess-1184837.html,For two decades now  we've done nothing—allowing politicians to pass off the veneration of corrupt and incompetent top brass as respect for the army. In return ...
(I won't pay a single rupee…),Economic Times,23 Jul 2013,http://articles.economictimes.indiatimes.com/2013-07-23/news/40749410_1_india-and-china-bribes-compliance,... multinationals are facing investigations under Foreign Corrupt Practices Act (FCPA) that penalises American multinationals engaging in corrupt practices such ...
Anti-corruption website iPaidABribe.com now in Hindi,Daily News & Analysis,28 Aug 2013,http://www.dnaindia.com/scitech/report-anti-corruption-website-ipaidabribecom-now-in-hindi-1881092,The site is being used by citizens in over 523 cities across India to post various stories of fighting corrupt officers  paying bribes and encounters with honest ...
Passage of the Lokpal Bill has restored confidence of the country's ...,Hindu Business Line,22 Dec 2013,http://www.thehindubusinessline.com/on-campus/passage-of-the-lokpal-bill-has-restored-confidence-of-the-countrys-citizens-confidence/article5490139.ece,Finally  after a few decades and huge civil protest  a crippled Government  perhaps one with the most number of scams and corrupt ministers  has passed a Bill ...
Ganta likely to return to TDP?,The Hindu,25 Dec 2013,http://www.thehindu.com/news/national/andhra-pradesh/ganta-likely-to-return-to-tdp/article5501888.ece,“Persons who change parties in every election and who are corrupt should not be allowed to come back into the party ” he told reporters. He said that he had ...
Corruption  a systemic problem,Hindu Business Line,22 Feb 2013,http://www.thehindubusinessline.com/opinion/columns/p-v-indiresan/corruption-a-systemic-problem/article4443224.ece,Politicians should be paid well  so that they stay away from making money in administration. Onus for decisions  such as purchasing copters  should vest in an ...
Why the Indian state was caught napping,Firstpost,26 May 2013,http://www.firstpost.com/india/chhattisgarh-attacks-why-the-indian-state-was-caught-napping-815729.html,“This period of peace ” Mahendra Karma had warned  “is dangerous for us.” The founder of the Salwa Judum anti-Maoist militia was shot dead on Saturday night ...
Website invites citizens to name and shame bribe-takers,Times of India,8 Aug 2013,http://timesofindia.indiatimes.com/india/Website-invites-citizens-to-name-and-shame-bribe-takers/articleshow/21719300.cms,It can scar individuals for life. And  at the macro level  daily encounters with the corrupt among government staff—be it a constable on the road or a senior babu ...
Panchayati raj institutions and the burden of expectations,Livemint,4 Mar 2013,http://www.livemint.com/Opinion/FhubBxTpdESdqHbjkZujcK/Panchayati-raj-institutions-and-the-burden-of-expectations.html,Ever since MGNREGA brought a flood of resources to gram panchayats  allegations that PRIs are corrupt have gained in strength. Photo: Ramesh Pathania/Mint.
Cobrapost's sting on banks  insurance: All you need to know,Firstpost,6 May 2013,http://www.firstpost.com/business/live-corbrapost-ii-another-expose-on-banks-today-politicians-maybe-named-754167.html,According to Firstpost's editor-in-chief R Jagannathan  if everyone is guilty  the real question is not about corrupt individuals and institutions alone  but rather a ...
Dismissed railway officer arrested,The Hindu,1 Jul 2013,http://www.thehindu.com/news/cities/Hyderabad/dismissed-railway-officer-arrested/article4870530.ece,An Indian Railway Traffic Service (IRTS) officer dismissed from service  Sowmya Ranjan Mahapatra  accused of duping two businessman of over Rs. 1.32 crore  ...
Political turmoil in Pakistan: one-two punch for Asif Ali Zardari  govt,NDTV,15 Jan 2013,http://www.ndtv.com/world-news/political-turmoil-in-pakistan-one-two-punch-for-asif-ali-zardari-govt-510483,Many claim the country's politicians are more interested in lining their pockets through corrupt dealings than addressing problems facing Pakistani citizens.
Coalition govt responsible for rising corruption: Mannan Mallick,Times of India,28 Sep 2013,http://timesofindia.indiatimes.com/city/ranchi/Coalition-govt-responsible-for-rising-corruption-Mannan-Mallick/articleshow/23229013.cms,... animal husbandry minister Mannan Mallick said politicians have to adopt corrupt means in order to fulfill the hopes and aspirations of many and the practice of ...
Can't revoke suspension of corrupt officers while case is still on ...,Times of India,5 Oct 2013,http://timesofindia.indiatimes.com/city/chennai/Cant-revoke-suspension-of-corrupt-officers-while-case-is-still-on-rules-Madras-high-court/articleshow/23596317.cms,CHENNAI: A public servant suspended on corruption charges cannot seek reinstatement in service during the pendency of the criminal case  the Madras high ...
We pay Rs1 000 crore 'hafta 'each year: Mumbai hawkers' union,Daily News & Analysis,21 Jan 2013,http://www.dnaindia.com/mumbai/report-we-pay-rs1000-crore-hafta-each-year-mumbai-hawkers-union-1791216,Singh added that this would only increase the BMC's revenue legally than the corrupt civic officials and police pocketing it as bribes. These bribes run into ...
Babu Bokhariya  minister in Narendra Modi's cabinet  convicted for ...,NDTV,15 Jun 2013,http://www.ndtv.com/india-news/babu-bokhariya-minister-in-narendra-modis-cabinet-convicted-for-illegal-mining-525503,"It clearly indicates that Modi's ministers are not just corrupt but also indulge in illegal activities '' he said. The BJP  on the other hand  claimed that the party ...
The deep irony of Modi's love for RSS hater Sardar Patel,Firstpost,30 Oct 2013,http://www.firstpost.com/politics/the-deep-irony-of-modis-love-for-rss-hater-sardar-patel-1202421.html,He knows that he can never shed his communal image  thanks to Godhra and much more. This is why he is taking desperate measures including trying to usurp ...
Ex-army man on fast over Karnataka Administrative Service exam row,Daily News & Analysis,7 Dec 2013,http://www.dnaindia.com/bangalore/report-ex-army-man-on-fast-over-karnataka-administrative-service-exam-row-1931160,“I want the government to come out with Criminal Investigation Department's (CID's) interim report  which consists the list of candidates who indulged in corrupt ...
The Frame  Shaken,Outlook,9 Aug 2013,http://www.outlookindia.com/magazine/story/the-frame-shaken/287330,They voted to identify the three most corrupt bureaucrats among themselves  offering the administration details of their crimes. Over time  two  including Akhand ...
How to improve India's police - a roadmap,Firstpost (blog),28 Mar 2013,http://www.firstpost.com/blogs/how-to-improve-indias-police-a-roadmap-677462.html,According to a report  the police in Delhi are the most corrupt. Stories abound about bribery  pre-FIR(First Information Report) doctoring of facts and extortion by ...
CBI traps railway junior engineer while accepting bribe,Times of India,22 Aug 2013,http://timesofindia.indiatimes.com/city/nagpur/CBI-traps-railway-junior-engineer-while-accepting-bribe/articleshow/21989082.cms,Intriguingly  the SECR employee was nabbed for corrupt practices related to a work while he was earlier employed in Maharashtra State Road Transport ...
All you get from Ramalinga Reddy is a smile,Daily News & Analysis,7 Oct 2013,http://www.dnaindia.com/bangalore/interview-all-you-get-from-ramalinga-reddy-is-a-smile-1899807,The BMTC authorities are taking a number of measures to identify and punish bus conductors who indulge in corrupt practices. The checking squad has ...
'The A-G Is Very Smart; He's Also Socially Active And Smooth',Outlook,9 Nov 2013,http://www.outlookindia.com/magazine/story/the-a-g-is-very-smart-hes-also-socially-active-and-smooth/288472,You say the A-G is giving dishonest advice to the government  shielding the corrupt and misleading the court. And yet the Supreme Court of India does not take ...
Freebies 'shake the root' of free and fair elections: court,The Hindu,5 Jul 2013,http://www.thehindu.com/news/national/freebies-shake-the-root-of-free-and-fair-elections-court/article4884327.ece,Although the law is obvious that promises made in an election manifesto cannot be construed as a 'corrupt practice' under Section 123 of the Representation of ...
Of Reliance  by Reliance  for Reliance,The Hindu,30 Jun 2013,http://www.thehindu.com/opinion/lead/of-reliance-by-reliance-for-reliance/article4866611.ece,Hans Christian Andersen's story about the emperor's new clothes came to mind as I read the Finance Minister's justification of the totally indefensible hike in ...
9 senior officers in Uttarakhand PWD department suspended for ...,Times of India,28 May 2013,http://timesofindia.indiatimes.com/india/9-senior-officers-in-Uttarakhand-PWD-department-suspended-for-corruption/articleshow/20322211.cms,He said the findings of the probe committee revealed that these corrupt officers did undue favor to this construction company for financial gain. RELATED ...
Protests force Chavan to revoke transfer order of Beed collector who ...,India Today,20 Feb 2013,http://indiatoday.intoday.in/story/protests-force-chavan-to-revoke-transfer-order-of-beed-collector-who-took-on-local-mafia-and-corrupt-politicians/1/251056.html,Called 'dabangg' for his no-nonsense approach  Kendrekar was transferred for clamping down on corrupt practices of various set of individuals trying to make ...
PIL warrior Prashat Bhushan: Scams  isolation and his beliefs,India Today,2 Nov 2013,http://indiatoday.intoday.in/story/prashat-bhushan-coal-scam-2g-radia-tapes/1/321465.html,In an interview to a magazine in 2009  he had made the sensational claim that at least half of the 16 former chief justices in the Supreme Court were corrupt.
Telangana leaders caution Naveen Patnaik against Jagan Mohan ...,Deccan Chronicle,30 Nov 2013,http://www.deccanchronicle.com/131130/news-politics/article/telangana-leaders-caution-naveen-patnaik-against-jagan-mohan-reddy,Do not give support to a corrupt person  MP Hanumantha Rao tells Odisha CM in a memorandum. V Hanumantha Rao. Bhubaneswar: Seeking the support of ...
World Bank bans L&T for forgery,The Hindu,8 Mar 2013,http://www.thehindu.com/business/Industry/world-bank-bans-lt-for-forgery/article4488843.ece,The World Bank has barred Larsen & Toubro (L&T) from doing any business with it or the projects funded by it for six months  after finding that a senior executive ...
Two Brigadier-rank officers booked for harassing junior,Chandigarh Tribune,30 Dec 2013,http://www.tribuneindia.com/2013/20131231/main4.htm,In the complaint  54-year old Arun Kumar alleged that he found misuse of funds and other corrupt practices in the brigade and raised a voice against it  but this ...
Syed Ali Shah Geelani: the man between India and Hurriyat ...,Firstpost (blog),10 Feb 2013,http://www.firstpost.com/blogs/syed-ali-shah-geelani-the-man-between-india-and-hurriyat-engagement-619832.html,One man is preventing the Hurriyat Conference from engaging  if not compromising  with India. He is of course Syed Ali Shah Geelani  from the Jamaat e Islami  ...
Will ensure defeat of Sonia Gandhi  says Baba Ramdev,Daily News & Analysis,18 Jul 2013,http://www.dnaindia.com/india/report-will-ensure-defeat-of-sonia-gandhi-says-baba-ramdev-1862613,"The people are noting everything and will use their vote to oust the corrupt Congress government forever " the yoga guru said. TOP. TOP. Ads by Revcontent ...
Why Dhoni  Tendulkar can't distance themselves from spot fixing,Firstpost,19 May 2013,http://www.firstpost.com/sports/ipl/why-dhoni-tendulkar-cant-distance-themselves-from-spot-fixing-795427.html,We haven't heard Dhoni come out and say that the sport isn't corrupt. We haven't heard Sachin Tendulkar say anything. We haven't seen Virat Kohli show any ...
Suspended Indian Olympic Association chief Abhay Singh Chautala ...,Daily News & Analysis,7 Sep 2013,http://www.dnaindia.com/sport/report-suspended-indian-olympic-association-chief-abhay-singh-chautala-launches-personal-attack-on-ace-shooter-abhinav-bindra-1885356,Bindra  the only Indian to win an individual Olympic gold  has been spearheading a campaign to clean the IOA of corrupt individuals. Along with double Olympic ...
Corrupt cop's house is now school for mentally challenged kids,Hill Post,3 Jul 2013,http://hillpost.in/2013/07/corrupt-cops-house-is-now-school-for-mentally-challenged-kids/92459/,Patna: The Bihar government today opened a school for mentally challenged children in a house confiscated from former director general of police Narayan ...
Vote for India  free it of dynasty rule: Narendra Modi,Daily News & Analysis,23 Dec 2013,http://www.dnaindia.com/mumbai/report-vote-for-india-free-it-of-dynasty-rule-narendra-modi-1939374,On the one hand  the Congress government decided to spare the corrupt  but on the other hand  a leader is giving sermons in Delhi ” said Modi  referring to the ...
Congress is running most corrupt governments at national & state ...,Orissadiary.com,30 Dec 2013,http://www.orissadiary.com/CurrentNews.asp?id=46844,Report by Vijyender Sharma  Dharmshala: National President of Bharatiya Janata Yuva Morcha and Member of Parliament Anurag Singh Thakur has said that ...
Frequent bribery cases earning a bad name for police,Times of India,24 Feb 2013,http://timesofindia.indiatimes.com/city/jaipur/Frequent-bribery-cases-earning-a-bad-name-for-police/articleshow/18667325.cms,"Some of the methods including catching the middlemen whom most corrupt government employees use to take bribe on their behalf has yielded results.
'Is he BJP's Manmohan?': AAP's Kejriwal hits out at BJP's Harsh ...,Firstpost,23 Oct 2013,http://www.firstpost.com/politics/is-he-bjps-manmohan-aaps-kejriwal-hits-out-at-bjps-harsh-vardhan-1189241.html,Kejriwal questioned if the decision was to hide the BJP's corrupt image. "Is Harsh Vardhan ... A corrupt Congress made Manmohan Singh its face at the centre.
Netas are idiots  says Bharat Ratna awarded CNR Rao,Daily News & Analysis,19 Nov 2013,http://www.dnaindia.com/india/report-netas-are-idiots-says-bharat-ratna-awarded-cnr-rao-1920732,Snippet not available
IAS officer leading crackdown on UP sand mafia suspended,The Hindu,28 Jul 2013,http://www.thehindu.com/news/national/other-states/ias-officer-leading-crackdown-on-up-sand-mafia-suspended/article4965763.ece,Snippet not available
How is Tahir-Ul-Qadri mobilising numbers without Pak Army support?,Firstpost,16 Jan 2013,http://www.firstpost.com/world/how-is-tahir-ul-qadri-mobilising-numbers-without-pak-army-support-590257.html,Snippet not available
Vote out corrupt politicians: Anna Hazare,Indian Express,1 Apr 2013,http://archive.indianexpress.com/news/vote-out-corrupt-politicians-anna-hazare/1096093/,Snippet not available
Why AAP accepted Congress support: Arvind Kejriwal explains in a ...,Hindustan Times,24 Dec 2013,http://www.hindustantimes.com/india/why-aap-accepted-congress-support-arvind-kejriwal-explains-in-a-video/story-mGtbRoIt4s4EBajzgMY4mI.html,Snippet not available
Full text of Arvind Kejriwal's speech after taking oath,Times of India,28 Dec 2013,http://timesofindia.indiatimes.com/assembly-elections-2013/delhi-assembly-elections/Full-text-of-Arvind-Kejriwals-speech-after-taking-oath/articleshow/28048624.cms,Snippet not available
IAS officer arrested  fined Rs. 50 lakh for graft,The Hindu,28 Sep 2013,http://www.thehindu.com/news/national/other-states/ias-officer-arrested-fined-rs-50-lakh-for-graft/article5179577.ece,Snippet not available
Maharashtra tables Adarsh scam report  rejects it,Daily News & Analysis,20 Dec 2013,http://www.dnaindia.com/mumbai/report-maharashtra-tables-adarsh-scam-report-rejects-it-1938516,Snippet not available
BJP in a fix over CM nominee as Vijay Goel ups the ante,The Hindu,20 Oct 2013,http://www.thehindu.com/news/cities/Delhi/bjp-in-a-fix-over-cm-nominee-as-vijay-goel-ups-the-ante/article5255153.ece,Snippet not available
Anna asks who's AAP  Bedi says Kejriwal using Lokpal for gains,Indian Express,15 Dec 2013,http://archive.indianexpress.com/news/anna-asks-whos-aap-bedi-says-kejriwal-using-lokpal-for-gains/1208024/,Snippet not available
BJP leaders day-dreaming  busy pulling each other down: Sonia ...,Deccan Chronicle,15 Nov 2013,http://www.deccanchronicle.com/131115/news-politics/article/bjp-leaders-day-dreaming-busy-pulling-each-other-down-sonia-gandhi,Snippet not available
In 2008  Modi was a 'promising young leader' for Advani,Firstpost,24 Sep 2013,http://www.firstpost.com/politics/in-2008-modi-was-a-promising-young-leader-for-advani-1129941.html,Snippet not available
BJP  Maoists work together in Chhattisgarh: Congress,Daily News & Analysis,29 May 2013,http://www.dnaindia.com/india/report-bjp-maoists-work-together-in-chhattisgarh-congress-1841152,Snippet not available
Do you agree with Sardar Patel`s views on RSS? Manish Tewari ...,Zee News,29 Oct 2013,http://zeenews.india.com/news/nation/do-you-agree-with-sardar-patels-views-on-rss-manish-tewari-asks-narendra-modi_886650.html,Snippet not available
Supreme Court says political parties shouldn't promise freebies,India Today,5 Jul 2013,http://indiatoday.intoday.in/story/supreme-court-says-political-parties-shouldnt-promise-freebies/1/286983.html,Snippet not available
'Athletes should not lose focus due to International Olympic ...,NDTVSports.com,6 Sep 2013,http://sports.ndtv.com/othersports/news/213623-athletes-should-not-lose-focus-due-to-international-olympic-committee-indian-olympic-association-row,Snippet not available
Modi attacks Rahul in Mumbai rally   says Congress steeped in ...,India Today,22 Dec 2013,http://indiatoday.intoday.in/story/narendra-modi-rally-in-mumbai-bjp-lok-sabha-elections/1/332406.html,Snippet not available
