Black money: Government collects Rs 3770 cr from over 600 stash ...,Economic Times,1 Oct 2015,http://economictimes.indiatimes.com/news/economy/finance/black-money-government-collects-rs-3770-cr-from-over-600-stash-holders/articleshow/49177887.cms,NEW DELHI: Undisclosed foreign assets amounting to Rs 3 770 crore were disclosed in 638 declarations before the one-time black money compliance window ...
Why Jaitley's threats won't work: All black money is in stock markets ...,Firstpost,6 Oct 2015,http://www.firstpost.com/business/why-jaitleys-threats-will-not-work-all-black-money-is-in-stock-markets-real-estate-too-risky-to-touch-2454746.html,The failure of the NDA government's black money compliance window - widely predicted due to its excessively high penal provisions and lack of trust in the ...
Black money chase likely to flop: Jaitley  Modi have allowed politics ...,Firstpost,3 Jul 2015,http://www.firstpost.com/business/black-money-chase-will-flop-jaitley-modi-have-allowed-politics-to-trump-economics-2323614.html,The Modi government's three-month compliance window for holders of illegal wealth abroad is more about the politics of black money than a realistic roadmap ...
Black money bill proposes 10 years jail  300 per cent penalty,Times of India,20 Mar 2015,http://timesofindia.indiatimes.com/india/Black-money-bill-proposes-10-years-jail-300-per-cent-penalty/articleshow/46635072.cms,NEW DELHI: Giving concrete shape to Finance Minister Arun Jaitley's budget announcement last month on recovering black money stashed away abroad  the ...
Black money: HSBC whistleblower offers to 'cooperate' with India,The Indian Express,2 Nov 2015,http://indianexpress.com/article/india/india-news-india/blackmoney-hsbc-whistleblower-offers-to-cooperate-with-india/,HSBC whistleblower Herve Falciani today said he is willing to "cooperate" with the Indian investigative agencies in their black money probe but would need ...
Cabinet clears black money bill  proposes one-time amnesty but ...,The Indian Express,17 Mar 2015,http://indianexpress.com/article/india/india-others/cabinet-approves-bill-to-unearth-black-money/,The government has proposed a one-time amnesty for all those who have stashed black money abroad. The Undisclosed Foreign Income and Assets ...
'Govt least interested in getting black money back ' Ram Jethmalani ...,Times of India,13 May 2015,http://timesofindia.indiatimes.com/india/Govt-least-interested-in-getting-black-money-back-Ram-Jethmalani-says/articleshow/47256917.cms,NEW DELHI: Ace lawyer Ram Jethmalani  whose efforts resulted in setting up of a Special Investigation Team to probe black money  on Tuesday told the ...
Black money bill passed; Modi govt warns those having illegal assets,Firstpost,13 May 2015,http://www.firstpost.com/business/black-money-bill-passed-modi-govt-warns-illegal-assets-2242770.html,New Delhi: A bill to deal with black money stashed abroad was passed by Parliament today with government warning those having such assets to utilise the ...
Curb betting in cricket  check donations: SIT on black money,Firstpost,25 Jul 2015,http://www.firstpost.com/business/curb-betting-in-cricket-and-check-donations-sit-on-black-money-2362268.html,New Delhi: To check the black money menace  the Supreme Court-appointed SIT today called for effective norms to curb betting in cricket and a stronger set of ...
Govt aims double-barrel gun at black money,Times of India,13 May 2015,http://timesofindia.indiatimes.com/india/Govt-aims-double-barrel-gun-at-black-money/articleshow/47276265.cms,NEW DELHI: The government on Wednesday secured passage of the black money bill in Parliament and moved the benami transactions bill in the Lok Sabha ...
Rs. 6500 Crore Declared Under Black Money Law  Says PM ...,NDTV,14 Aug 2015,http://www.ndtv.com/india-news/foreign-assets-of-rs-6-500-crore-disclosed-under-compliance-window-pm-modi-1207576,6 500 Crore Declared Under Black Money Law  Says PM Narendra Modi ... New Delhi: Committing to carry forward the fight against black money  Prime Minister ...
Curbing black money: 8 stringent recommendations from SIT that ...,Firstpost,4 Sep 2015,http://www.firstpost.com/business/curbing-black-money-8-sit-stringent-recommendations-that-can-put-the-govt-in-a-fix-2420550.html,The issue of black money  which prime minister Narendra Modi had promised to resolve within 100 days of assuming power  is back to haunt the NDA ...
Difficult declaration terms make black money law a Catch-22 choice,Economic Times,5 Jul 2015,http://economictimes.indiatimes.com/news/politics-and-nation/difficult-declaration-terms-make-black-money-law-a-catch-22-choice/articleshow/47951454.cms,MUMBAI: Black money rules have flummoxed many who were looking for a chance to get tax sleuths and enforcement officials off their back. The law is complex  ...
Black money: Switzerland may change laws  start sharing banking ...,The Indian Express,15 May 2015,http://indianexpress.com/article/business/business-others/black-money-switzerland-may-change-laws-start-sharing-banking-information/,"We will have a black money discussion (with finance minister Arun Jaitley) to solve and clarify (the issue) " said Swiss economic affairs minister.
Black money: Just chasing it sends wrong signal about India  find ...,The Indian Express,22 Jun 2015,http://indianexpress.com/article/india/india-others/black-money-just-chasing-it-sends-wrong-signal-about-india-find-out-why/,Merely going after black money could create wrong perceptions about India and it is more important to understand why black money is created and address ...
Black money: now  Swamy takes on Arun Jaitley,The Hindu,19 Nov 2015,http://www.thehindu.com/news/national/black-money-now-swamy-takes-on-arun-jaitley/article7897576.ece,BJP leader Subramaniam Swamy on Thursday targeted Finance Minister Arun Jaitley for not taking substantive steps to bring back black money stashed in ...
Those did not take advantage of black money window will regret: Das,The Hindu,1 Oct 2015,http://www.thehindu.com/business/Economy/those-did-not-take-advantage-of-black-money-window-will-regret-das/article7715427.ece,Committing to fight the menace of black money  Finance Ministry on Friday said that those who have not taken advantage of the compliance window to declare ...
Prime Minister Modi Will Bring Black Money Back: Baba Ramdev,NDTV,12 Sep 2015,http://www.ndtv.com/india-news/prime-minister-modi-will-bring-black-money-back-baba-ramdev-1216876,Jaisalmer: Yoga guru Baba Ramdev today said he is confident that Prime Minister Narendra Modi will take positive steps to bring back black money to the ...
Black money issue: Govt refuses to make info  communications from ...,The Indian Express,19 Jan 2015,http://indianexpress.com/article/india/india-others/black-money-govt-refuses-to-make-info-from-france-public/,Black money issue: Govt refuses to make info  communications from France public. The Centre won't share details of 627 Indians who have accounts in HSBC ...
First steps to curb generation of black money in realty,The Indian Express,28 Feb 2015,http://indianexpress.com/article/business/budget/first-steps-to-curb-generation-of-black-money-in-realty/,In order to tackle the black money menace  Finance Minister Arun Jaitley announced in his budget that cash transactions of more than Rs 20 000 in purchase of ...
SC to SIT: File black money status report by May 12,The Hindu,21 Apr 2015,http://www.thehindu.com/news/national/sc-to-sit-file-black-money-status-report-by-may-12/article7126682.ece,With grocers and cold storage owners refusing to accept scrapped currency notes  farmers are struggling to get potato seeds while landless labourers are forced ...
Black money list: Probe new names too  says SIT chief,The Hindu,9 Feb 2015,http://www.thehindu.com/news/national/black-money-list-probe-new-names-too-says-sit-chief/article6875450.ece,Besides  we [the government] have been given time till March 31  2015 to complete prosecution of black money holders abroad under the Income Tax Act ” ...
Black money: ED scanner on Indians named in HSBC list,The Hindu,22 Nov 2015,http://www.thehindu.com/news/national/black-money-enforcement-directorate-scanner-on-indians-named-in-hsbc-list/article7905413.ece,Tightening the noose around Indians whose names figured in the 'stolen' Swiss HSBC bank black money list  the Enforcement Directorate has begun a ...
Centre to open one-time 'short window' for declaring black money,The Indian Express,3 Mar 2015,http://indianexpress.com/article/india/india-others/centre-to-open-one-time-short-window-for-declaring-black-money/,The government will give a one-time 'short window' to holders of black money abroad to declare their wealth  pay taxes and penalty and escape prosecution ...
Black money: Modi govt detects undisclosed income worth Rs ...,International Business Times  India Edition,24 Dec 2015,http://www.ibtimes.co.in/black-money-modi-govt-detects-undisclosed-income-worth-rs-16000-crore-660631,"The present government is very serious on the issue of black money. Various pronouncements of Prime Minister Narendra Modi and Finance Minister Arun ...
Govt vows secrecy on black money,Times of India,3 Sep 2015,http://timesofindia.indiatimes.com/business/india-business/Govt-vows-secrecy-on-black-money/articleshow/48796506.cms,NEW DELHI: The tax department on Thursday vowed complete confidentiality of information filed under the new black money law as it unveiled the second set of ...
Govt strategy to unearth black money is a joke: Mohandas Pai,The Indian Express,9 Dec 2015,http://indianexpress.com/article/india/india-news-india/govt-strategy-to-unearth-black-money-is-a-joke-mohandas-pai/,“The whole black money strategy has been a joke. The law (to unearth black money) is badly drafted and it is unworkable. Nobody will pay 60 per cent tax to stay ...
There's More Black Money Inside India Than Abroad: Investigator,NDTV,17 Oct 2015,http://www.ndtv.com/india-news/theres-more-black-money-inside-india-than-abroad-investigator-1233421,Bhubaneswar: The volume of black money stashed in the country is much more than that kept abroad  vice-chairman of Special Investigation Team (SIT) Justice ...
Cricket betting key source of black money generation: SIT tells ...,Firstpost,12 May 2015,http://www.firstpost.com/sports/cricket-betting-key-source-black-money-generation-sit-tells-supreme-court-2240828.html,New Delhi: Cricket betting has emerged as one of the key sources of black money generation and according to one account it could be as high as Rs 3 lakh ...
GDR route under scanner in black money probe,The Hindu,4 Jan 2015,http://www.thehindu.com/business/gdr-route-under-scanner-in-black-money-probe/article6753680.ece,As a probe continues into misuse of stock markets for routing black money and tax evasion  regulatory and other agencies suspect that GDR route is being used ...
Income tax department 'to catch hold of black money holders after ...,Times of India,21 Sep 2015,http://timesofindia.indiatimes.com/india/Income-tax-department-to-catch-hold-of-black-money-holders-after-September-30/articleshow/49045271.cms,"Persons holding undisclosed foreign assets are advised to file their declarations in time well before September 30  2015 as provided under the Black Money ...
India Inc lauds government's moves against black money,Economic Times,16 Aug 2015,http://economictimes.indiatimes.com/news/company/corporate-trends/india-inc-lauds-governments-moves-against-black-money/articleshow/48504797.cms,NEW DELHI: A day after Prime Minister Narendra Modi talked about steps taken to unearth black money in his Independence Day speech  the CII hailed the ...
Black money: SIT presses govt to respond to its suggestions,The Hindu,3 Sep 2015,http://www.thehindu.com/news/black-money-sc-asks-sit-to-give-progress-report-by-oct-7/article7611913.ece,The Special Investigation Team (SIT) on black money on Thursday pressed for a response from the Centre on its recommendations to curb black money  ...
Your complete guide to understanding the black money puzzle...,Business Today,23 Sep 2015,http://www.businesstoday.in/magazine/cover-story/black-money-route-stakeholders-all-you-need-to-know/story/223901.html,With the promulgation of the new The Black Money (Undisclosed Foreign Income and Assets) and Imposition of Tax Act  2015 - Gill now finds himself in a ...
No information on black money accounts provided by Switzerland ...,Firstpost,5 May 2015,http://www.firstpost.com/business/no-information-black-money-accounts-provided-switzerland-jaitley-2229126.html,New Delhi: The governments of Switzerland  the United Kingdom and Spain have not provided details of any black money accounts  Finance Minister Arun ...
Fight terrorism by disrupting flow of funds to terrorists  says PM Modi,Firstpost,17 Nov 2015,http://www.firstpost.com/india/india-committed-in-fight-against-corruption-black-money-asserts-pm-modi-2511536.html,New Delhi: Prime Minister Narendra Modi on Wednesday said the government has taken "significant steps to check corruption and menace of black money".
Special Investigation Team on Black Money Submits Latest Report ...,NDTV,27 Oct 2015,http://www.ndtv.com/india-news/special-investigation-team-on-black-money-submits-latest-report-to-apex-court-1237055,New Delhi: The Special Investigation Team (SIT)  probing the unaccounted money stashed away outside the country to tax havens and ways to bring it back  ...
AAP targets PM over 'measly' black money recovery,Economic Times,2 Oct 2015,http://economictimes.indiatimes.com/news/politics-and-nation/aap-targets-pm-over-measly-black-money-recovery/articleshow/49196161.cms,NEW DELHI: Aam Aadmi Party today ridiculed Prime Minister Narendra Modi's "tall claims" on black money following the recovery of Rs 3 770 crore under the ...
Compliance window for black money in July,Business Standard,21 Jun 2015,http://www.business-standard.com/article/current-affairs/compliance-window-for-black-money-in-july-115062200032_1.html,The proposed compliance window under the Undisclosed Foreign Assets and Income Act  popularly called the black money Act  is likely to be in place for ...
Narendra Modi committed 'fraud' on people over black money: Ram ...,Economic Times,3 Nov 2015,http://economictimes.indiatimes.com/news/politics-and-nation/narendra-modi-committed-fraud-on-people-over-black-money-ram-jethmalani/articleshow/49650069.cms,Speaking to journalists here last evening  Jethmalani said Modi pledged during electioneering to bring back the black money which would benefit every citizen ...
India threatening criminal probe over black money: Swiss regulator,Hindustan Times,3 Apr 2015,http://www.hindustantimes.com/business/india-threatening-criminal-probe-over-black-money-swiss-regulator/story-c7e7kqowgPTC4ay8vDEnAK.html,Switzerland's topmost financial sector watchdog FINMA has said that India has “threatened” to launch criminal investigations if the Berne-based agency did not ...
Govt will take steps on black money after June: Swamy,Times of India,10 Jan 2015,http://timesofindia.indiatimes.com/india/Govt-will-take-steps-on-black-money-after-June-Swamy/articleshow/45835145.cms,KOLKATA: The Centre would initiate fresh steps to bring back black money stashed in foreign banks after June 1  BJP leader Subramanian Swamy said on ...
Black money: E-filing link to declare illegal assets launched,Daily News & Analysis,21 Jul 2015,http://www.dnaindia.com/money/report-black-money-e-filing-link-to-declare-illegal-assets-launched-2106617,The Income Tax department has launched a e-filing link on its official website for declaring illegal foreign assets and black money using the one-time compliance ...
Black money: Govt gets Rs 17 crore tax and penalty till November 26,The Indian Express,2 Dec 2015,http://indianexpress.com/article/india/india-news-india/black-money-govt-gets-rs-17-crore-tax-and-penalty-till-november-26/,The government has collected Rs 16.69 crore as taxes and penalty till November 26 from those who have disclosed illegal wealth under the black money ...
Black money compliance window to end tomorrow,Times of India,29 Sep 2015,http://timesofindia.indiatimes.com/india/Black-money-compliance-window-to-end-tomorrow/articleshow/49154058.cms,NEW DELHI: With the one-time black money declaring 'compliance window' coming to an end on Wednesday  the income tax department has asked its officials ...
Names Can be Revealed in Public Interest: Government on Black ...,NDTV,4 Aug 2015,http://www.ndtv.com/india-news/names-can-be-revealed-in-public-interest-government-on-black-money-1203898,The Revenue Secretary made these remarks in a Talkathon organised by the Information and Broadcasting Ministry on the black money law  along with ...
'Black Money is Racist  Call it Dirty Money'  Say Lawmakers,NDTV,13 May 2015,http://www.ndtv.com/india-news/black-money-is-racist-call-it-dirty-money-say-lawmakers-762809,New Delhi: The term 'black money' is racist and should be changed  according to members of the Trinamool Congress and the Communist Party of India ...
Black money in stock markets: SEBI to suspend shell companies,The Hindu,8 Feb 2015,http://www.thehindu.com/business/black-money-in-stock-markets-sebi-to-suspend-shell-companies/article6871176.ece,Cracking its whip on entities using stock markets for evading taxes and laundering black money  watchdog SEBI has decided to suspend trading in listed ...
FIU detects over Rs. 7800 cr black money; gets record STRs,The Hindu,26 Apr 2015,http://www.thehindu.com/news/national/fiu-detects-over-rs-7800-cr-black-money-gets-record-strs/article7143308.ece,With grocers and cold storage owners refusing to accept scrapped currency notes  farmers are struggling to get potato seeds while landless labourers are forced ...
Use of black money during polls has to be checked with strong law ...,Firstpost,30 Mar 2015,http://www.firstpost.com/india/use-black-money-polls-checked-strong-law-says-ec-2179703.html,New Delhi: Batting for a "strong law" regarding political funding  Election Commission on Monday said use of black money during elections has to be checked as ...
Black money: ED freezes properties worth Rs 9003 crore  files 173 ...,Daily News & Analysis,29 Apr 2015,http://www.dnaindia.com/money/report-black-money-ed-freezes-properties-worth-rs-9003-crore-files-173-chargesheets-2081765,In a major action against black money hoarders and money launderers  the Enforcement Directorate (ED) has attached assets to the tune of Rs 9 003 crore and ...
Spiking black money: Top 9-pt solution before PM Narendra Modi govt,Financial Express,19 Feb 2015,http://www.financialexpress.com/economy/spiking-black-money-top-9-pt-solution-before-narendra-modi-govt/44844/,FICCI has come up with an analysis titled 'Widening of tax base and tackling black money' for solving the vexing problem of black money and sent it to the PM ...
Finance Ministry to soon issue FAQs on new black money law,The Hindu,11 Jun 2015,http://www.thehindu.com/business/Economy/black-money-law-finance-ministry-to-issue-faqs-soon/article7305476.ece,Finance Ministry to soon issue FAQs on new black money law. PTI. New Delhi June 11  2015 14:55 IST. Updated: April 03  2016 04:19 IST. Share Article; PRINT ...
Jethmalani hits out at BJP over 'failed' black money promise,Firstpost,15 Oct 2015,http://www.firstpost.com/india/jethmalani-hits-out-at-bjp-over-failed-black-money-promise-2470298.html,Patna: Expelled BJP MP Ram Jethmalani in Patna on Thursday hit out at the saffron party for "failing" to keep its promise to bring back the black money stashed ...
Blackmoney clampdown effect: India's ranking drops to 61st in ...,Firstpost,21 Jun 2015,http://www.firstpost.com/politics/blackmoney-clampdown-effect-indias-ranking-drops-to-61st-in-holding-money-in-swiss-banks-2306012.html,Switzerland" are official Swiss figures and do not indicate to the quantum of the much-debated alleged black money held by Indians in the safe havens of ...
Black money: PM Narendra Modi's Rs 15 lakh promise illustrative ...,Financial Express,11 Mar 2015,http://www.financialexpress.com/economy/black-money-pm-narendra-modis-rs-15-lakh-promise-illustrative-says-arun-jaitley/52343/,Finance Minister Arun Jaitley has said PM Narendra Modi's Lok Sabha poll campaign contention that huge amounts of black money are stashed abroad and ...
Black money compliance window will not be extended,Daily News & Analysis,10 Aug 2015,http://www.dnaindia.com/money/report-black-money-compliance-window-will-not-be-extended-2113137,With concerns being raised over misuse of information declared under recently notified one-time black money compliance window  the government has assured ...
Black money: Income Tax department begins final assessment of ...,Economic Times,22 Oct 2015,http://economictimes.indiatimes.com/news/economy/finance/black-money-income-tax-department-begins-final-assessment-of-declarations/articleshow/49494179.cms,NEW DELHI: The Income Tax department has begun the process of final assessment of those black money declarations that were made to it as part of the ...
Black Money: SIT suggests a cap of Rs 15 lakh with individuals,Daily News & Analysis,20 Jan 2015,http://www.dnaindia.com/india/report-black-money-sit-suggests-a-cap-of-rs-15-lakh-with-individuals-2054357,The Special Investigating Team (SIT) on black money has suggested to the Supreme Court that a ceiling of Rs 15 lakh be imposed on the maximum cash ...
Black money fight: Sebi  Government to update Special Investigation ...,Daily News & Analysis,24 Aug 2015,http://www.dnaindia.com/money/report-black-money-fight-sebi-government-to-update-special-investigation-team-on-safeguards-2117959,Asked to tighten its noose on tax evaders and black money launderers in stock markets  regulator Sebi will consult the government on all necessary steps  ...
Black money numbers overblown; no money laundering: Anerood ...,Economic Times,3 Nov 2015,http://economictimes.indiatimes.com/news/politics-and-nation/black-money-numbers-overblown-no-money-laundering-anerood-jugnauth-mauritian-pm/articleshow/49645634.cms,The numbers about black money are exaggerated. Our financial system is very transparent. We've many laws to ensure that there's no corruption. We've always ...
Black money law: Rs 2 lakh penalty for not answering tax dept queries,Chandigarh Tribune,31 May 2015,http://www.tribuneindia.com/news/business/black-money-law-rs-2-lakh-penalty-for-not-answering-tax-dept-queries/87617.html,Failure to answer questions from the tax department can entail a penalty of up to Rs 2 lakh from the next financial year under the new black money law  which ...
Switzerland plans stringent norms to fight black money menace,Economic Times,7 Jun 2015,http://economictimes.indiatimes.com/news/politics-and-nation/switzerland-plans-stringent-norms-to-fight-black-money-menace/articleshow/47574689.cms,BERNE: Amid a global black money crackdown including by India  Switzerland has announced a stringent due diligence regime for its banks to 'reject' accepting ...
Black Money Probe: Government Starts Legal Proceedings Against ...,NDTV,8 Feb 2015,http://www.ndtv.com/india-news/black-money-probe-government-set-to-start-legal-proceedings-against-60-people-738005,New Delhi: The Union government has started legal proceedings against 60 people who allegedly have black money stashed away in illegal foreign accounts  ...
Need serious operation to combat 'black money cancer': SIT,Firstpost,22 May 2015,http://www.firstpost.com/business/need-serious-operation-combat-black-money-cancer-sit-2259162.html,New Delhi: The Special Investigation Team (SIT) on black money on Friday said a "serious operation" of strictly enacting and enforcing anti-tax evasion laws is ...
Government Taking Effective Steps to Tackle Black Money: Union ...,NDTV,30 Jul 2015,http://www.ndtv.com/india-news/government-taking-effective-steps-to-tackle-black-money-union-minister-jayant-sinha-1202212,New Delhi: The government today said it's taking effective steps to deal with black money and will focus on high-impact cases with a view to prosecuting ...
High priority given to probe black money cases  says Enforcement ...,Economic Times,1 May 2015,http://economictimes.indiatimes.com/news/politics-and-nation/high-priority-given-to-probe-black-money-cases-says-enforcement-directorate/articleshow/47120676.cms,NEW DELHI: The Enforcement Directorate has accorded a "high priority" for combating cases related to black money even as it surpassed previous records and ...
Modi's black money claim a farce: CPI(M),Times of India,8 Oct 2015,http://timesofindia.indiatimes.com/india/Modis-black-money-claim-a-farce-CPIM/articleshow/49271696.cms,NEW DELHI: Prime Minister Narendra Modi's "boastful claim" of bringing back all the black money stashed abroad "is fast turning into a farce"  the CPI(M) said ...
Compliance Window on Black Money Will Be For a Few Months ...,NDTV,19 Apr 2015,http://www.ndtv.com/india-news/compliance-window-on-black-money-will-be-for-a-few-months-revenue-secretary-756255,New Delhi: Black money holders abroad will get a "few months" of compliance window to disclose their assets after a new stringent black money Bill is passed ...
Government plans cells for black money declarations under ...,Economic Times,17 May 2015,http://economictimes.indiatimes.com/news/economy/policy/government-plans-cells-for-black-money-declarations-under-compliance-window/articleshow/47321914.cms,Government plans cells for black money declarations under compliance window ... The Black Money (Undisclosed Foreign Income and Assets) And Imposition ...
Black money: Swiss banks seek fresh undertakings from Indians,Daily News & Analysis,29 Mar 2015,http://www.dnaindia.com/money/report-black-money-swiss-banks-seek-fresh-undertakings-from-indians-2072843,Seeking to come clean on illicit funds amid intense government pressure  Swiss banks have asked their Indian clients to provide fresh undertakings to ensure ...
Govt woos NRIs  companies and individuals to come clean on black ...,Daily News & Analysis,21 Aug 2015,http://www.dnaindia.com/money/report-govt-woos-nris-companies-and-individuals-to-come-clean-on-black-money-before-compliance-window-expires-2117001,Just a month to go before the deadline for the three-month long black money compliance window expires on September 30  the government is making an all-out ...
Call citizens with black money as 'honest' to generate revenue: RSS,Daily News & Analysis,17 Sep 2015,http://www.dnaindia.com/india/report-call-citizens-with-black-money-as-honest-to-generate-revenue-rss-2126149,Claiming that a 'changed mindset' towards black money would increase tax revenue in the country  RSS on Thursday said the people having such wealth ...
Government's efforts to unearth black money ends in a whimper,Daily News & Analysis,30 Sep 2015,http://www.dnaindia.com/money/report-government-s-efforts-to-unearth-black-money-ends-in-a-whimper-2130514,The NDA government's valiant efforts to unearth black money have ended in a whimper. The three-month long black money compliance window that closed on ...
Black money: SIT brings new intel agency on board,Times of India,15 Feb 2015,http://timesofindia.indiatimes.com/india/Black-money-SIT-brings-new-intel-agency-on-board/articleshow/46253043.cms,NEW DELHI: In order to speed up its probe into cases of illegal funds stashed abroad  the SIT on black money has roped in one more economic intelligence ...
Black money: SIT to file fresh status report in SC,Times of India,5 Apr 2015,http://timesofindia.indiatimes.com/india/Black-money-SIT-to-file-fresh-status-report-in-SC/articleshow/46812154.cms,NEW DELHI: The Special Investigation Team (SIT) on black money is expected to file a fresh status report in the Supreme Court with regard to the action taken ...
You have till September 30 to declare black money,Daily News & Analysis,25 Aug 2015,http://www.dnaindia.com/money/report-you-have-till-september-30-to-declare-black-money-2118578,In the advertisement  the IT Department urges Indian citizens to make their declaration under Section 59 of the Black Money (Undisclosed Foreign Income and ...
Bank of Baroda black money case: Nearly 60 low-income citizens ...,Daily News & Analysis,23 Nov 2015,http://www.dnaindia.com/money/report-bank-of-baroda-black-money-case-nearly-60-low-income-citizens-made-company-directors-2148105,The report said that about 59 persons living in slums  rickshaw pullers  vendors  drivers  household workers  were approached by black money hoarders and ...
Black money probe: Lone member of PMLA body quits,Firstpost,27 Apr 2015,http://www.firstpost.com/india/black-money-probe-lone-member-pmla-body-quits-2215302.html,New Delhi: In a major blow to fight against black money  a special authority established to try money laundering cases bearing revenue value of crores of rupees ...
Not enough being done to bring black money back: Subramanian ...,Daily News & Analysis,30 May 2015,http://www.dnaindia.com/india/report-not-enough-being-done-to-bring-black-money-back-subramanian-swamy-2090733,Senior BJP leader Subramanian Swamy on Saturday said he had written to the Prime Minister Narendra Modi suggesting ways to bring the black money back  ...
Modi govt has no intention to bring black money: Ram Jethmalani,Times of India,25 Feb 2015,http://timesofindia.indiatimes.com/india/Modi-govt-has-no-intention-to-bring-black-money-Ram-Jethmalani/articleshow/46372130.cms,NEW DELHI: Noted advocate and former BJP leader Ram Jethmalani met anti corruption crusader Anna Hazare today to discuss the issue of black money  ...
Black money: Income tax department begins action against mining ...,Daily News & Analysis,18 Oct 2015,http://www.dnaindia.com/money/report-black-money-income-tax-department-begins-action-against-mining-firms-2136044,The government and also the SIT have recently said investigative agencies should turn their focus on domestic areas from where huge black money is being ...
Black money campaign results in info flow from Swiss  others,Times of India,27 May 2015,http://timesofindia.indiatimes.com/india/Black-money-campaign-results-in-info-flow-from-Swiss-others/articleshow/47451526.cms,The new black money law and the benami bill have been very positive. Foreign countries recognize that combating black money is no longer just a slogan but is ...
Govt to net Rs 10000 crore from Swiss bank accounts by March-end ...,Times of India,9 Feb 2015,http://timesofindia.indiatimes.com/india/Govt-to-net-Rs-10000-crore-from-Swiss-bank-accounts-by-March-end-SIT/articleshow/46180794.cms,NEW DELHI: The Supreme Court-appointed Special Investigation Team (SIT) on black money expects the income tax department to recover Rs 10 000 crore by ...
Black money: pinning the shadow down,The Hindu,7 Jun 2015,http://www.thehindu.com/opinion/op-ed/black-money-pinning-the-shadow-down-subramanian-swamy/article7291973.ece,The steps taken so far  and this includes the Black Money Bill  to bring back an estimated $1.5 trillion stashed abroad are completely ineffective. There are better ...
Crackdown on black money: Absconders won't have a passport to ...,Economic Times,8 Jun 2015,http://economictimes.indiatimes.com/news/economy/policy/crackdown-on-black-money-absconders-wont-have-a-passport-to-evade-taxmen/articleshow/47592891.cms,Companies or individuals looking to shed their Indian 'resident' status in a hurry to avoid running afoul of the stringent new black money law will find the exercise ...
Benami deals: 3 years of jail if convicted  says proposal,The Indian Express,29 Apr 2015,http://indianexpress.com/article/business/business-others/benami-deals-3-years-of-jail-if-convicted-says-proposal-2/,FM Arun Jaitley had announced in the Budget 2015-15 that the government will introduce a legislation to deal with the issue of domestic black money generation ...
A new book on black money tells you more,Business Standard,28 Jun 2015,http://www.business-standard.com/article/pti-stories/a-new-book-on-black-money-tells-you-more-115062800323_1.html,Chronicles of Black Money  Tax Havens and Policy Response" -- talks about policy measures framed by the government to tackle the menace of illegal funds in ...
Budget 2015: Chartered Accountants can play key role to check ...,Economic Times,1 Mar 2015,http://articles.economictimes.indiatimes.com/2015-03-01/news/59642319_1_black-money-benami-property-chartered-accountants,NEW DELHI: With the Union Budget proposing a new law on black money  accounting regulator ICAI has said that chartered accountants can play an effective ...
Narendra Modi's black money crusade looms over property bubble,Livemint,18 Mar 2015,http://www.livemint.com/Politics/Rtv0yt2Mu0ipf6rFJ8m9fO/Narendra-Modis-black-money-crusade-looms-over-India-propert.html,Undisclosed income is among the reasons for a surge in property prices in India despite the lack of a matching improvement in infrastructure. Photo: Bloomberg.
Government ups the ante on black money  says US return IT ...,Economic Times,7 Jul 2015,http://economictimes.indiatimes.com/news/politics-and-nation/government-ups-the-ante-on-black-money-says-us-return-it-professionals-need-to-declare-401k-account/articleshow/47980097.cms,Plans where contributions vest immediately and subscribers are certain to get their money will definitely need to be disclosed. The black money law covers a ...
Tax Department to Clarify on Bank Account Disclosures Under Black ...,NDTV,17 Aug 2015,http://profit.ndtv.com/news/economy/article-tax-department-to-clarify-on-bank-account-disclosures-under-black-money-law-report-1208108,New Delhi: Finance Ministry in the second set of FAQs on the black money compliance window is likely to clarify on the period for which foreign bank account ...
Focus more on curtailing outflow of black money: US-based Global ...,Economic Times,5 Jan 2015,http://articles.economictimes.indiatimes.com/2015-01-05/news/57705668_1_black-money-us-based-global-financial-integrity-illicit-money,WASHINGTON: India's efforts to bring back black money stashed abroad may not succeed as major western economies  including the US and UK  are the main ...
SIT for black money a failure: Subramanian Swamy,Times of India,4 Jul 2015,http://timesofindia.indiatimes.com/india/SIT-for-black-money-a-failure-Subramanian-Swamy/articleshow/47942692.cms,AURANGABAD: BJP leader Subramanian Swamy has described the Special Investigation Team (SIT) formed by the Centre to investigate black money cases as ...
Black money law may have triggered an exodus of wealthy Indians ...,Economic Times,13 May 2015,http://economictimes.indiatimes.com/markets/stocks/news/black-money-law-may-have-triggered-an-exodus-of-wealthy-indians-to-dubai-singapore/articleshow/47258298.cms,A harsh black money law is believed to have triggered an exodus of several wealthy Indians to destinations like Dubai and Singapore  according to an informal ...
Black money: Financial Intelligence Unit begins tracking overseas ...,Daily News & Analysis,28 Apr 2015,http://www.dnaindia.com/money/report-black-money-financial-intelligence-unit-begins-tracking-overseas-money-transfer-2081430,As part of its enhanced measures to check black money  country's elite Financial Intelligence Unit (FIU) has begun tapping information on all suspicious ...
Black money chase: Cap on Cash-in hand at Rs 10 lakh  buys over ...,Firstpost,19 Jan 2015,http://www.firstpost.com/business/economy/black-money-chase-cap-on-cash-in-hand-at-rs-10-lakh-buys-over-rs-1-lakh-needs-pan-2053039.html,In a bid to check unaccounted wealth in the economy  the Income Tax Department is working on a number of measures which include capping the amount of ...
Black Money Act not applicable to NRIs,Chandigarh Tribune,16 Aug 2015,http://www.tribuneindia.com/news/business/black-money-act-not-applicable-to-nris/120475.html,(c) Does this amount to undisclosed asset under the newly enacted Black Money (Undisclosed foreign income and assets) and imposition of the Tax Act  2015?
In fact: 18 years ago  a tax amnesty scheme that worked – and why,The Indian Express,1 Oct 2015,http://indianexpress.com/article/explained/in-fact-18-years-ago-a-tax-amnesty-scheme-that-worked-and-why/,... National Development Council (NDC) had already suggested that the government should think of a scheme to harness black money for productive purposes.
Professionals outnumber companies  trusts in declaring black ...,Economic Times,5 Oct 2015,http://economictimes.indiatimes.com/news/politics-and-nation/professionals-outnumber-companies-trusts-in-declaring-black-money-during-compliance-period/articleshow/49234870.cms,Professionals outnumber companies  trusts in declaring black money during compliance ... rather than getting entangled in the harsh new law on black money.
Black money law sees 638 declarations of Rs 3770 cr,Times of India,1 Oct 2015,http://timesofindia.indiatimes.com/business/india-business/Black-money-law-sees-638-declarations-of-Rs-3770-cr/articleshow/49178443.cms,Snippet not available
Bulk of black money within India: Jaitley,The Hindu,4 Oct 2015,http://www.thehindu.com/business/Economy/nondeclarants-of-foreign-assets-to-face-consequences-jaitley/article7722921.ece,Snippet not available
Bulk of black money is still within India  says Arun Jaitley,India Today,4 Oct 2015,http://indiatoday.intoday.in/story/bulk-of-black-money-is-still-within-india-says-arun-jaitley/1/489900.html,Snippet not available
Bulk of black money within India  says Finance Minister Arun Jaitley,Business Today,4 Oct 2015,http://www.businesstoday.in/current/economy-politics/bulk-of-black-money-within-india-says-finance-minister-arun-jaitley/story/224375.html,Snippet not available
Black money Bill tabled in Lok Sabha,The Hindu,20 Mar 2015,http://www.thehindu.com/news/national/blackmoney-bill-in-lok-sabha-10-years-jail-for-concealing-foreign-funds/article7015589.ece,Snippet not available
Black money issue: HSBC whistleblower Herve Falciani should offer ...,Times of India,3 Nov 2015,http://timesofindia.indiatimes.com/india/Black-money-issue-HSBC-whistleblower-Herve-Falciani-should-offer-information-without-riders-Arun-Jaitley-says/articleshow/49642378.cms,Snippet not available
Cabinet clears tax compliance scheme  bill to punish those keeping ...,Firstpost,17 Mar 2015,http://www.firstpost.com/business/cabinet-clears-tax-compliance-scheme-and-bill-to-punish-those-stashing-black-money-abroad-2158927.html,Snippet not available
Ram Jethmalani attacks Modi government for 'election jumla' on ...,Economic Times,12 May 2015,http://articles.economictimes.indiatimes.com/2015-05-13/news/62124153_1_pm-narendra-modi-black-money-ram-jethmalani,Snippet not available
Foreign black money law in  domestic one coming,The Indian Express,13 May 2015,http://indianexpress.com/article/india/india-others/cabinet-clears-benami-transactions-bill-to-curb-domestic-black-money/,Snippet not available
Black Money Bill with more teeth gets Rajya Sabha approval,Hindu Business Line,13 May 2015,http://www.thehindubusinessline.com/economy/black-money-bill-with-more-teeth-gets-rajya-sabha-approval/article7202317.ece,Snippet not available
Black money panel wants capitation fees under anti-graft law,Times of India,24 Jul 2015,http://timesofindia.indiatimes.com/india/Black-money-panel-wants-capitation-fees-under-anti-graft-law/articleshow/48209789.cms,Snippet not available
Cabinet clears revised Bill on domestic black money,Daily News & Analysis,13 May 2015,http://www.dnaindia.com/money/report-cabinet-clears-revised-bill-on-domestic-black-money-2085643,Snippet not available
Cabinet okays benami transactions bill to curb black money,Zee News,13 May 2015,http://zeenews.india.com/business/news/economy/cabinet-okays-benami-transactions-bill-to-curb-black-money_126039.html,Snippet not available
Here's what PM Modi said about financial inclusion  black money ...,Daily News & Analysis,14 Aug 2015,http://www.dnaindia.com/money/report-here-s-what-pm-modi-said-about-financial-inclusion-black-money-inflation-lpg-subsidy-and-more-2114623,Snippet not available
PM Modi vows to end corruption  says Rs 6500 crore disclosed ...,Times of India,15 Aug 2015,http://timesofindia.indiatimes.com/india/PM-Modi-vows-to-end-corruption-says-Rs-6500-crore-disclosed-under-black-money-law/articleshow/48493550.cms,Snippet not available
Black money: Supreme Court asks SIT to give progress report by ...,Daily News & Analysis,3 Sep 2015,http://www.dnaindia.com/money/report-black-money-supreme-court-asks-sit-to-give-progress-report-by-october-7-2121591,Snippet not available
Disclosures to enjoy immunity from PMLA: Black money FAQs,The Indian Express,6 Jul 2015,http://indianexpress.com/article/business/business-others/disclosures-to-enjoy-immunity-from-pmla-black-money-faqs/,Snippet not available
Disclosures to enjoy immunity under FEMA: Black Money FAQs,Daily News & Analysis,6 Jul 2015,http://www.dnaindia.com/money/report-disclosures-to-enjoy-immunity-under-fema-black-money-faqs-2102195,Snippet not available
Switzerland says will consider changing laws to help India fight ...,Daily News & Analysis,15 May 2015,http://www.dnaindia.com/money/report-switzerland-says-will-consider-changing-laws-to-help-india-fight-black-money-2086132,Snippet not available
Arvind Subramanian seeks to address factors that generate black ...,Firstpost,23 Jun 2015,http://www.firstpost.com/business/economy/arvind-subramanian-seeks-address-factors-generate-black-money-2309014.html,Snippet not available
Black Money: Swamy hits out at Jaitley,Hindu Business Line,19 Nov 2015,http://www.thehindubusinessline.com/news/black-money-swamy-hits-out-at-jaitley/article7896439.ece,Snippet not available
Black money: Stung by poor response to compliance window  govt ...,The Indian Express,2 Oct 2015,http://indianexpress.com/article/business/business-others/black-money-stung-by-poor-response-to-compliance-window-govt-vows-crackdown/,Snippet not available
Those who missed black money window will regret: Government,Times of India,1 Oct 2015,http://timesofindia.indiatimes.com/india/Those-who-missed-black-money-window-will-regret-Government/articleshow/49191031.cms,Snippet not available
Supreme Court: More interested in bringing back black money than ...,India Today,20 Jan 2015,http://indiatoday.intoday.in/story/supreme-court-black-money-chief-justice-h-l-dattu/1/414391.html,Snippet not available
Budget 2015: New tough and comprehensive law on black money ...,Economic Times,1 Mar 2015,http://economictimes.indiatimes.com/news/economy/policy/budget-2015-new-tough-and-comprehensive-law-on-black-money-proposed-says-fm-arun-jaitley/articleshow/46407151.cms,Snippet not available
Timeline of black money issue and formation of SIT,India Today,9 Feb 2015,http://indiatoday.intoday.in/education/story/highlights-of-special-investigation-team-and-black-money/1/417859.html,Snippet not available
Black Money probe: SIT will take appropriate steps over information ...,Daily News & Analysis,8 Feb 2015,http://www.dnaindia.com/india/report-black-money-probe-sit-will-take-appropriate-steps-over-information-provided-bjp-2059391,Snippet not available
ED scanner on Indians named in HSBC black money list,Business Today,22 Nov 2015,http://www.businesstoday.in/money/banking/enforcement-directorate-scanner-on-indians-named-in-hsbc-black-money-list/story/226287.html,Snippet not available
Govt to ensure safeguards to make sure black money law not used ...,Economic Times,3 Mar 2015,http://articles.economictimes.indiatimes.com/2015-03-03/news/59725155_1_revenue-secretary-shaktikanta-das-revenue-secy-black-money,Snippet not available
'On black money  govt is giving a one-time chance to offenders come ...,Financial Express,3 Mar 2015,http://www.financialexpress.com/economy/govt-is-giving-a-one-time-chance-to-come-clean-on-black-money/50128/,Snippet not available
Black Money: Over Rs 16000 cr undisclosed income detected in 20 ...,Zee News,22 Dec 2015,http://zeenews.india.com/business/news/economy/black-money-over-rs-16000-cr-undisclosed-income-detected-in-20-months_1837564.html,Snippet not available
Black money: Govt unveils set of 27 FAQs  vows total confidentiality ...,Financial Express,3 Sep 2015,http://www.financialexpress.com/economy/govt-unveils-new-set-of-faqs-vows-total-confidentiality-to-black-money-holders/130123/,Snippet not available
Government releases new set of FAQs on black money window,Livemint,3 Sep 2015,http://www.livemint.com/Politics/FlcBJzyIFh15GLpagD5J2N/Government-releases-new-set-of-FAQs-on-black-money-window.html,Snippet not available
Modi govt's move to unearth black money a joke: Mohandas Pai,International Business Times  India Edition,9 Dec 2015,http://www.ibtimes.co.in/modi-govts-move-unearth-black-money-joke-mohandas-pai-658743,Snippet not available
Government strategy to unearth black money is a joke  says former ...,Daily News & Analysis,9 Dec 2015,http://www.dnaindia.com/money/report-government-strategy-to-unearth-black-money-is-a-joke-infosys-former-director-mohandas-pai-2153705,Snippet not available
Meeting of SIT probing black money trail begins in Odisha,Odisha Sun Times,17 Oct 2015,http://odishasuntimes.com/2015/10/17/meeting-of-sit-probing-black-money-trail-begins-in-odisha/,Snippet not available
Cricket betting a key source of black money  SIT tells Supreme Court,Daily News & Analysis,12 May 2015,http://www.dnaindia.com/sport/report-cricket-betting-a-key-source-of-black-money-sit-tells-supreme-court-2085298,Snippet not available
Crooks using global depository receipts to bring back black money ...,Firstpost,4 Jan 2015,http://www.firstpost.com/business/economy/crooks-using-global-depository-receipts-to-bring-back-black-money-sebi-starts-probe-2029307.html,Snippet not available
Black money: Declare foreign assets by September 30 or face ...,Daily News & Analysis,21 Sep 2015,http://www.dnaindia.com/money/report-black-money-declare-foreign-assets-by-september-30-or-face-consequences-says-finance-ministry-2127347,Snippet not available
Black money: Declare foreign asset by Sep 30 or face ...,Financial Express,21 Sep 2015,http://www.financialexpress.com/economy/black-money-declare-foreign-asset-by-sep-30-or-face-consequences-says-finmin/139152/,Snippet not available
Industry chamber CII lauds government's efforts to fight black money ...,Daily News & Analysis,16 Aug 2015,http://www.dnaindia.com/money/report-industry-chamber-cii-lauds-government-s-efforts-to-fight-black-money-menace-2115081,Snippet not available
Black money: Supreme Court-appointed SIT recommends several ...,Daily News & Analysis,3 Sep 2015,http://www.dnaindia.com/money/report-black-money-supreme-court-appointed-sit-recommends-several-steps-to-curb-money-laundering-2121672,Snippet not available
No action under FEMA against black money declarants: RBI,Economic Times,24 Sep 2015,http://economictimes.indiatimes.com/news/economy/finance/no-action-under-fema-against-black-money-declarants-rbi/articleshow/49093738.cms,Snippet not available
Black money: Government studying estimates of 3 think tanks,Business Standard,5 May 2015,http://www.business-standard.com/article/news-ians/black-money-government-studying-estimates-of-3-think-tanks-115050500866_1.html,Snippet not available
Govt unsparing in punishing the corrupt: PM Modi,The Indian Express,18 Nov 2015,http://indianexpress.com/article/india/india-news-india/govt-unsparing-in-punishing-the-corrupt-pm-narendra-modi/,Snippet not available
AAP on black money disclosure,Aam Aadmi Party (press release),2 Oct 2015,http://aamaadmiparty.org/aap-on-black-money-disclosure,Snippet not available
AAP targets PM Modi over tall claims on black money recovery,Daily News & Analysis,2 Oct 2015,http://www.dnaindia.com/india/report-aap-targets-pm-modi-over-tall-claims-on-black-money-recovery-2130971,Snippet not available
Black money: Compliance window for voluntary declaration to be out ...,Businessinsider India,22 Jun 2015,http://www.businessinsider.in/Black-money-Compliance-window-for-voluntary-declaration-to-be-out-soon/articleshow/47770996.cms,Snippet not available
India threatens Swiss regulator with criminal investigation in black ...,Daily News & Analysis,4 Apr 2015,http://www.dnaindia.com/money/report-india-threatens-swiss-regulator-with-criminal-investigation-in-black-money-probe-2074539,Snippet not available
Swiss ups black money vigil as India threatens criminal action,Financial Express,5 Apr 2015,http://www.financialexpress.com/industry/swiss-ups-black-money-vigil-as-india-threatens-criminal-action/60651/,Snippet not available
Government will take steps on black money after June ...,Daily News & Analysis,10 Jan 2015,http://www.dnaindia.com/money/report-government-will-take-steps-on-black-money-after-june-subramanian-swamy-2051400,Snippet not available
Black Money: Government Collects Rs. 17 Crore in Tax and Penalty ...,NDTV,2 Dec 2015,http://www.ndtv.com/india-news/black-money-government-collects-rs-17-crore-in-tax-and-penalty-till-november-26-1250345,Snippet not available
Black money: Govt gets Rs 17 crore tax and penalty till Nov 26,ABP Live,2 Dec 2015,http://www.abplive.in/india-news/black-money-govt-gets-rs-17-crore-tax-and-penalty-till-nov-26-254094,Snippet not available
Black money law: Tax dept prepares measures to allay fears,Livemint,28 Sep 2015,http://www.livemint.com/Politics/HG4xOXhuVZLOctLNmxRTFP/Black-money-law-Tax-dept-prepares-measures-to-allay-fears.html,Snippet not available
Government to disclose names of black money holders in public ...,Daily News & Analysis,4 Aug 2015,http://www.dnaindia.com/money/report-government-to-disclose-names-of-black-money-holders-in-public-interest-2111160,Snippet not available
Term 'black money' sounds racist to Trinamool  CPM MPs,The Indian Express,13 May 2015,http://indianexpress.com/article/india/india-others/term-black-money-sounds-racist-to-trinamool-cpm-mps/,Snippet not available
Black Money in Stock Markets: Sebi May Suspend Shell Firms,NDTV,8 Feb 2015,http://profit.ndtv.com/news/market/article-black-money-in-stock-markets-sebi-may-suspend-shell-firms-737929,Snippet not available
Financial Intelligence Unit detects over Rs 7800 cr black money in ...,Economic Times,26 Apr 2015,http://articles.economictimes.indiatimes.com/2015-04-26/news/61542730_1_unaccounted-income-20-crore-financial-intelligence-unit,Snippet not available
FICCI's nine mantras to curb black money,Hindu Business Line,19 Feb 2015,http://www.thehindubusinessline.com/economy/ficcis-9point-mantra-to-curb-domestic-black-money/article6912594.ece,Snippet not available
Finance Ministry to soon issue FAQs on new blackmoney law,Financial Express,11 Jun 2015,http://www.financialexpress.com/economy/finance-ministry-to-soon-issue-faqs-on-new-blackmoney-law/83161/,Snippet not available
Clarify black money rules,Deccan Chronicle,10 Aug 2015,http://www.deccanchronicle.com/150811/commentary-dc-comment/article/clarify-black-money-rules,Snippet not available
Govt assures 'full confidentiality' under black money window,indiatvnews.com (press release) (blog),10 Aug 2015,http://www.indiatvnews.com/business/india/govt-assures-full-confidentiality-under-black-money-window-19661.html,Snippet not available
Black money panel moots jail for tax dodge,Calcutta Telegraph,20 Jan 2015,http://www.telegraphindia.com/1150121/jsp/nation/story_9485.jsp,Snippet not available
Black Money: Sebi to Discuss P-Notes Issue  Says Report,NDTV,23 Aug 2015,http://profit.ndtv.com/news/economy/article-black-money-sebi-to-discuss-p-notes-issue-says-report-1210107,Snippet not available
Black money cases are given top priority: Enforcement Directorate,India Today,1 May 2015,http://indiatoday.intoday.in/story/enforcement-directorate-black-money-rajan-katoch/1/433223.html,Snippet not available
Tax Talk: Black money Bill gives a chance to come clean,Financial Express,18 May 2015,http://www.financialexpress.com/industry/banking-finance/tax-talk-black-money-bill-gives-a-chance-to-come-clean/73777/,Snippet not available
Bank of Baroda scam: Fake accounts created to send money abroad,Hindustan Times,23 Nov 2015,http://www.hindustantimes.com/business/bank-of-baroda-scam-fake-accounts-created-to-send-money-abroad/story-fSsMNYxJalri8rWUyJqBIN.html,Snippet not available
Wealthy Indians are exploring ways to hide black money. Know how,Businessinsider India,13 May 2015,http://www.businessinsider.in/Wealthy-Indians-are-exploring-ways-to-hide-black-money-Know-how/articleshow/47265648.cms,Snippet not available
Doctors  engineers lead the list of black money declarants during ...,indiatvnews.com,6 Oct 2015,http://www.indiatvnews.com/business/india/doctors-engineers-lead-black-money-declare-during-compliance-20210.html,Snippet not available
Black money totalling Rs. 3770 cr. declared,The Hindu,1 Oct 2015,http://www.thehindu.com/news/govt-collects-rs-3770-crore-from-over-600-stash-holders/article7710692.ece,Snippet not available
Rs 3700 crore in foreign black money accounts is now white,The Indian Express,1 Oct 2015,http://indianexpress.com/article/india/india-news-india/black-money-government-collects-rs-3770-crore-from-over-600-stash-holders/,Snippet not available
3770 crore Surfaces in Government's Black Money Drive,NDTV,1 Oct 2015,http://www.ndtv.com/india-news/3-770-crore-surfaces-in-governments-black-money-drive-1225010,Snippet not available
Why black money scheme was a superflop  and what Modi can do to ...,Firstpost,2 Oct 2015,http://www.firstpost.com/business/why-the-black-money-scheme-was-a-superflop-and-what-modi-can-do-to-redeem-it-2452626.html,Snippet not available
Those who haven't come clean on black money face consequences ...,Times of India,2 Oct 2015,http://timesofindia.indiatimes.com/india/Those-who-havent-come-clean-on-black-money-face-consequences-Jaitley/articleshow/49201001.cms,Snippet not available
Non-declarants of foreign assets to be tried under black money law ...,The Indian Express,4 Oct 2015,http://indianexpress.com/article/india/india-news-india/non-declarants-of-foreign-assets-to-face-consequences-under-black-money-law-jaitley/,Snippet not available
Govt opens 90-day window to declare black money abroad,Times of India,1 Jul 2015,http://timesofindia.indiatimes.com/india/Govt-opens-90-day-window-to-declare-black-money-abroad/articleshow/47904673.cms,Snippet not available
Why black money case is more political & less realistic?,Moneycontrol.com,2 Jul 2015,http://www.moneycontrol.com/news/current-affairs/why-black-money-case-is-more-politicalless-realistic_1775961.html,Snippet not available
Centre brings black money into force,The Hindu,3 Jul 2015,http://www.thehindu.com/news/national/centre-notifies-rules-for-valuation-of-black-money-stashed-abroad/article7382976.ece,Snippet not available
Black money Bill in Lok Sabha; upto 10 years jail for concealing ...,The Indian Express,20 Mar 2015,http://indianexpress.com/article/india/india-others/black-money-bill-in-lok-sabha10-years-jail-for-concealing-foreign-funds/,Snippet not available
Anti-black money bill tabled in Lok Sabha,Oneindia,20 Mar 2015,http://www.oneindia.com/india/anti-black-money-bill-tabled-in-lok-sabha-1690176.html,Snippet not available
Lot of Black Money Information Remains Unused: HSBC ...,NDTV,2 Nov 2015,http://www.ndtv.com/india-news/black-money-hsbc-whistleblower-offers-to-cooperate-with-india-1239235,Snippet not available
Black money: HSBC whistleblower Herve Falciani says illicit funds ...,Economic Times,2 Nov 2015,http://economictimes.indiatimes.com/news/politics-and-nation/black-money-hsbc-whistleblower-herve-falciani-says-illicit-funds-easily-flowing-out-of-india/articleshow/49632029.cms,Snippet not available
Union cabinet okays tough black money bill  its next stop is Lok Sabha,Hindustan Times,17 Mar 2015,http://www.hindustantimes.com/india/union-cabinet-okays-tough-black-money-bill-its-next-stop-is-lok-sabha/story-mYwuq3mbMD3CMfUZTsCpMI.html,Snippet not available
'People to make declarations post Black money Bill nod',Moneycontrol.com,17 Mar 2015,http://www.moneycontrol.com/news/economy/people-to-make-declarations-post-black-money-bill-nod_1332193.html,Snippet not available
Black money: Subramanian Swamy moves SC seeking permission ...,Daily News & Analysis,12 May 2015,http://www.dnaindia.com/india/report-black-money-subramanian-swamy-moves-sc-seeking-permission-to-assist-sit-2085366,Snippet not available
Black money: SIT submits third report,Livemint,12 May 2015,http://www.livemint.com/Politics/hpjXN7zAa3tKUuvQQcByUI/Black-money-SIT-submits-third-report.html,Snippet not available
PM Narendra Modi welcomes passage of black money bill,Oneindia,13 May 2015,http://www.oneindia.com/india/modi-welcomes-passage-of-black-money-bill-1746352.html,Snippet not available
Check Betting in Cricket to Track Black Money: Special Investigation ...,NDTVSports.com,24 Jul 2015,http://sports.ndtv.com/cricket/news/246020-check-betting-in-cricket-to-track-black-money-special-investigation-team,Snippet not available
Black money: SIT tells Sebi to clamp down on misuse of P-notes,Livemint,24 Jul 2015,http://www.livemint.com/Politics/jWxDH0EcRPKDeOe6OIrnLJ/Black-money-SIT-suggests-ways-to-curb-unaccounted-wealth.html,Snippet not available
Black money: Supreme Court asks Centre for progress report,The Indian Express,3 Sep 2015,http://indianexpress.com/article/india/india-others/black-money-supreme-court-asks-centre-for-progress-report/,Snippet not available
What has been done to curb black money  SC asks Centre,Times of India,3 Sep 2015,http://timesofindia.indiatimes.com/india/What-has-been-done-to-curb-black-money-SC-asks-Centre/articleshow/48795565.cms,Snippet not available
Govt reiterates prospect of steep penalty in black money FAQs,Business Standard,6 Jul 2015,http://www.business-standard.com/article/economy-policy/govt-reiterates-prospect-of-steep-penalty-in-black-money-faqs-115070601251_1.html,Snippet not available
Switzerland vows to join India's fight against black money,The Hindu,15 May 2015,http://www.thehindu.com/news/national/black-money-switzerland-to-look-into-possibility-of-sharing-information-with-india/article7210374.ece,Snippet not available
Swiss Minister offers to join India's fight against black money,Firstpost,15 May 2015,http://www.firstpost.com/world/swiss-minister-offers-to-join-indias-fight-against-black-money-2246748.html,Snippet not available
Subramanian Swamy Targets Arun Jaitley on Black Money  Inflation,NDTV,19 Nov 2015,http://www.ndtv.com/india-news/subramanian-swamy-targets-arun-jaitley-on-black-money-inflation-1245296,Snippet not available
Black money: Interested in getting stashed cash back  not in names ...,Times of India,20 Jan 2015,http://timesofindia.indiatimes.com/india/Black-money-Interested-in-getting-stashed-cash-back-not-in-names-SC-says/articleshow/45960390.cms,Snippet not available
New laws only way to bring black money back: Ram Jethmalani,Daily News & Analysis,20 Jan 2015,http://www.dnaindia.com/india/report-new-laws-only-way-to-bring-black-money-back-ram-jethmalani-2054333,Snippet not available
Budget 2015: Draconian black money law won't work without one ...,Firstpost,1 Mar 2015,http://www.firstpost.com/budget/budget-2015-draconian-black-money-law-wont-work-without-one-time-amnesty-2129455.html,Snippet not available
Budget 2015: more black money curbs on government radar,Livemint,28 Feb 2015,http://www.livemint.com/Politics/I7lacbPgrtk8BcKQxR5klI/Budget-2015-Jaitley-announces-host-of-measures-to-curb-blac.html,Snippet not available
Black money probe: Supreme Court asks SIT to file fresh status ...,Firstpost,21 Apr 2015,http://www.firstpost.com/india/black-money-probe-supreme-court-asks-sit-to-file-fresh-status-report-by-12-may-2205982.html,Snippet not available
Black money case: SC asks SIT to submit report by May 12,The Indian Express,21 Apr 2015,http://indianexpress.com/article/india/india-others/supreme-court-seeks-sits-report-on-progress-made-in-black-money-probe/,Snippet not available
Black money: Govt to provide short compliance window for tax evaders,Livemint,2 Mar 2015,http://www.livemint.com/Politics/Wg6btOzF0inMT9Pjk6PRFK/Shaktikanta-Das--All-the-states-are-on-board-as-far-as-GST.html,Snippet not available
Why Mohandas Pai thinks Modi govt's black money strategy is a ...,Financial Express,9 Dec 2015,http://www.financialexpress.com/india-news/mohandas-pai-black-money-strategy-a-joke-infosys-share-price-modi-govt-top-10-noteworthy-reasons/176554/,Snippet not available
Black money SIT meets; asks agencies to check BoB like cases,The Indian Express,17 Oct 2015,http://indianexpress.com/article/india/india-news-india/black-money-sit-meets-asks-agencies-to-check-bob-like-cases/,Snippet not available
Black money adds up to Rs 6400 cr  SIT tells SC,The Indian Express,12 May 2015,http://indianexpress.com/article/india/india-others/black-money-adds-up-to-rs-6400-cr-sit-tells-sc/,Snippet not available
Black money compliance window: RBI says 'no FEMA action' on ...,The Indian Express,24 Sep 2015,http://indianexpress.com/article/business/business-others/black-money-compliance-window-rbi-says-no-fema-action-on-foreign-assets-declarations/,Snippet not available
Steps taken to check corruption  black money: Modi,Kaumudi Online,18 Nov 2015,http://www.kaumudi.com/innerpage1.php?newsid=71474,Snippet not available
Black money: SIT submits 4th probe report in Supreme Court,Daily News & Analysis,27 Oct 2015,http://www.dnaindia.com/money/report-black-money-sit-submits-4th-probe-report-in-supreme-court-2139202,Snippet not available
Tax evaders may soon have to pay for past sins,Livemint,4 Aug 2015,http://www.livemint.com/Politics/HOaqNYvqxfQWtBnr1AiNEJ/Tax-evaders-may-soon-have-to-pay-for-past-sins.html,Snippet not available
Black money is racist: Rivals Left  Trinamool find common cause,India Today,13 May 2015,http://indiatoday.intoday.in/story/black-money-racism-trinamool-congress-cpm/1/437842.html,Snippet not available
Term black money is racist  should be changed: Members in Rajya ...,Deccan Chronicle,13 May 2015,http://www.deccanchronicle.com/150513/nation-current-affairs/article/term-black-money-racist-should-be-changed-members-rajya-sabha,Snippet not available
'BJP Should Be Defeated in Bihar Elections ' Ram Jethmalani Says,NDTV,15 Oct 2015,http://www.ndtv.com/india-news/bjp-has-failed-to-bring-to-bring-back-black-money-ram-jethmalani-says-1232752,Snippet not available
Black money: India slips to 61st place on Swiss money list,Zee News,21 Jun 2015,http://zeenews.india.com/business/news/economy/black-money-india-slips-to-61st-place-on-swiss-money-list_129502.html,Snippet not available
Rs 15 lakh claim for each citizen was based on 'illustrative' figures ...,The Indian Express,10 Mar 2015,http://indianexpress.com/article/india/india-others/rs-15-lakh-claim-for-each-citizen-was-based-on-illustrative-figures-arun-jaitley/,Snippet not available
Opinion: IT dept should not use info about black money for ...,Financial Express,10 Aug 2015,http://www.financialexpress.com/fe-columnist/black-money-information-should-be-handled-carefully-by-income-tax-department/117183/,Snippet not available
60 More Black Money Holders Names,Andhra Wishesh,9 Feb 2015,http://www.andhrawishesh.com/378-telugu-headlines-top-stories/48577-60-more-black-money-holders-names.html,Snippet not available
Serious operation needed to combat 'black money cancer': SIT,Daily News & Analysis,22 May 2015,http://www.dnaindia.com/india/report-serious-operation-needed-to-combat-black-money-cancer-sit-2088330,Snippet not available
SIT set to file fresh status report on black money in Supreme Court,India Today,5 Apr 2015,http://indiatoday.intoday.in/story/black-money-case-sit-report-fresh/1/428572.html,Snippet not available
Budget move: Govt may cap cash-in-hand at Rs 10 lakh to tackle ...,Hindustan Times,18 Jan 2015,http://www.hindustantimes.com/india/budget-move-govt-may-cap-cash-in-hand-at-rs-10-lakh-to-tackle-black-money/story-Ex3vYOAs2kLF9w9oVkJsfP.html,Snippet not available
